listener,condition,isi,delta,trials,num,prop,a,b,l,s,d,ppc_lo,ppc_hi,pro_pp_errors
L0,fixed,2.0,-1.0,40.0,0.0,0.0,0.7075728834138668,-0.06741616824106103,0.010216716842506954,0.12380791646941786,0.0005934435609566463,0.0,0.05,0.0075475
L0,fixed,2.0,-0.75,40.0,1.0,0.025,0.7075728834138668,-0.06741616824106103,0.010216716842506954,0.12380791646941786,0.0005934435609566463,0.0,0.05,0.0197425
L0,fixed,2.0,-0.5,40.0,1.0,0.025,0.7075728834138668,-0.06741616824106103,0.010216716842506954,0.12380791646941786,0.0005934435609566463,0.0,0.075,0.0175875
L0,fixed,2.0,-0.25,40.0,2.0,0.05,0.7075728834138668,-0.06741616824106103,0.010216716842506954,0.12380791646941786,0.0005934435609566463,0.05,0.3,0.11095
L0,fixed,2.0,0.0,40.0,,0.625,0.7075728834138668,-0.06741616824106103,0.010216716842506954,0.12380791646941786,0.0005934435609566463,0.475,0.825,
L0,fixed,2.0,0.25,40.0,39.0,0.975,0.7075728834138668,-0.06741616824106103,0.010216716842506954,0.12380791646941786,0.0005934435609566463,0.875,1.0,0.028239999999999998
L0,fixed,2.0,0.5,40.0,40.0,1.0,0.7075728834138668,-0.06741616824106103,0.010216716842506954,0.12380791646941786,0.0005934435609566463,0.975,1.0,0.0045775
L0,fixed,2.0,0.75,40.0,40.0,1.0,0.7075728834138668,-0.06741616824106103,0.010216716842506954,0.12380791646941786,0.0005934435609566463,0.975,1.0,0.00346
L0,fixed,2.0,1.0,40.0,40.0,1.0,0.7075728834138668,-0.06741616824106103,0.010216716842506954,0.12380791646941786,0.0005934435609566463,0.975,1.0,0.0034475
L0,fixed,5.0,-1.0,40.0,0.0,0.0,0.7075728834138668,-0.06741616824106103,0.010216716842506954,0.12380791646941786,0.0005934435609566463,0.0,0.05,0.007655
L0,fixed,5.0,-0.75,40.0,0.0,0.0,0.7075728834138668,-0.06741616824106103,0.010216716842506954,0.12380791646941786,0.0005934435609566463,0.0,0.05,0.0075325
L0,fixed,5.0,-0.5,40.0,0.0,0.0,0.7075728834138668,-0.06741616824106103,0.010216716842506954,0.12380791646941786,0.0005934435609566463,0.0,0.075,0.01738
L0,fixed,5.0,-0.25,40.0,10.0,0.25,0.7075728834138668,-0.06741616824106103,0.010216716842506954,0.12380791646941786,0.0005934435609566463,0.05,0.3,0.0896
L0,fixed,5.0,0.0,40.0,,0.625,0.7075728834138668,-0.06741616824106103,0.010216716842506954,0.12380791646941786,0.0005934435609566463,0.475,0.8,
L0,fixed,5.0,0.25,40.0,37.0,0.925,0.7075728834138668,-0.06741616824106103,0.010216716842506954,0.12380791646941786,0.0005934435609566463,0.875,1.0,0.03981
L0,fixed,5.0,0.5,40.0,40.0,1.0,0.7075728834138668,-0.06741616824106103,0.010216716842506954,0.12380791646941786,0.0005934435609566463,0.975,1.0,0.0047325
L0,fixed,5.0,0.75,40.0,40.0,1.0,0.7075728834138668,-0.06741616824106103,0.010216716842506954,0.12380791646941786,0.0005934435609566463,0.975,1.0,0.00315
L0,fixed,5.0,1.0,40.0,40.0,1.0,0.7075728834138668,-0.06741616824106103,0.010216716842506954,0.12380791646941786,0.0005934435609566463,0.975,1.0,0.003465
L0,fixed,10.0,-1.0,40.0,0.0,0.0,0.7075728834138668,-0.06741616824106103,0.010216716842506954,0.12380791646941786,0.0005934435609566463,0.0,0.05,0.0076025
L0,fixed,10.0,-0.75,40.0,0.0,0.0,0.7075728834138668,-0.06741616824106103,0.010216716842506954,0.12380791646941786,0.0005934435609566463,0.0,0.05,0.007764999999999999
L0,fixed,10.0,-0.5,40.0,0.0,0.0,0.7075728834138668,-0.06741616824106103,0.010216716842506954,0.12380791646941786,0.0005934435609566463,0.0,0.075,0.02083
L0,fixed,10.0,-0.25,40.0,8.0,0.2,0.7075728834138668,-0.06741616824106103,0.010216716842506954,0.12380791646941786,0.0005934435609566463,0.05,0.325,0.055495
L0,fixed,10.0,0.0,40.0,,0.575,0.7075728834138668,-0.06741616824106103,0.010216716842506954,0.12380791646941786,0.0005934435609566463,0.475,0.8,
L0,fixed,10.0,0.25,40.0,38.0,0.95,0.7075728834138668,-0.06741616824106103,0.010216716842506954,0.12380791646941786,0.0005934435609566463,0.85,1.0,0.0304025
L0,fixed,10.0,0.5,40.0,39.0,0.975,0.7075728834138668,-0.06741616824106103,0.010216716842506954,0.12380791646941786,0.0005934435609566463,0.975,1.0,0.020865
L0,fixed,10.0,0.75,40.0,40.0,1.0,0.7075728834138668,-0.06741616824106103,0.010216716842506954,0.12380791646941786,0.0005934435609566463,0.975,1.0,0.0033025
L0,fixed,10.0,1.0,40.0,40.0,1.0,0.7075728834138668,-0.06741616824106103,0.010216716842506954,0.12380791646941786,0.0005934435609566463,0.975,1.0,0.0034875
L0,roved,2.0,-1.0,40.0,0.0,0.0,0.6411283420746654,-0.06520808817218053,0.016887283632405437,0.06235938239946279,0.014518196260505508,0.0,0.05,0.01128
L0,roved,2.0,-0.75,40.0,0.0,0.0,0.6411283420746654,-0.06520808817218053,0.016887283632405437,0.06235938239946279,0.014518196260505508,0.0,0.05,0.0114475
L0,roved,2.0,-0.5,40.0,2.0,0.05,0.6411283420746654,-0.06520808817218053,0.016887283632405437,0.06235938239946279,0.014518196260505508,0.0,0.1,0.029955
L0,roved,2.0,-0.25,40.0,8.0,0.2,0.6411283420746654,-0.06520808817218053,0.016887283632405437,0.06235938239946279,0.014518196260505508,0.075,0.325,0.054335
L0,roved,2.0,0.0,40.0,,0.425,0.6411283420746654,-0.06520808817218053,0.016887283632405437,0.06235938239946279,0.014518196260505508,0.45,0.8,
L0,roved,2.0,0.25,40.0,36.0,0.9,0.6411283420746654,-0.06520808817218053,0.016887283632405437,0.06235938239946279,0.014518196260505508,0.85,1.0,0.046895
L0,roved,2.0,0.5,40.0,39.0,0.975,0.6411283420746654,-0.06520808817218053,0.016887283632405437,0.06235938239946279,0.014518196260505508,0.95,1.0,0.01898
L0,roved,2.0,0.75,40.0,40.0,1.0,0.6411283420746654,-0.06520808817218053,0.016887283632405437,0.06235938239946279,0.014518196260505508,0.95,1.0,0.0068175
L0,roved,2.0,1.0,40.0,40.0,1.0,0.6411283420746654,-0.06520808817218053,0.016887283632405437,0.06235938239946279,0.014518196260505508,0.95,1.0,0.006562500000000001
L0,roved,5.0,-1.0,40.0,1.0,0.025,0.6411283420746654,-0.06520808817218053,0.016887283632405437,0.06235938239946279,0.014518196260505508,0.0,0.05,0.0182675
L0,roved,5.0,-0.75,40.0,0.0,0.0,0.6411283420746654,-0.06520808817218053,0.016887283632405437,0.06235938239946279,0.014518196260505508,0.0,0.075,0.0210025
L0,roved,5.0,-0.5,40.0,6.0,0.15,0.6411283420746654,-0.06520808817218053,0.016887283632405437,0.06235938239946279,0.014518196260505508,0.0,0.175,0.076405
L0,roved,5.0,-0.25,40.0,9.0,0.225,0.6411283420746654,-0.06520808817218053,0.016887283632405437,0.06235938239946279,0.014518196260505508,0.125,0.425,0.0673875
L0,roved,5.0,0.0,40.0,,0.55,0.6411283420746654,-0.06520808817218053,0.016887283632405437,0.06235938239946279,0.014518196260505508,0.425,0.75,
L0,roved,5.0,0.25,40.0,34.0,0.85,0.6411283420746654,-0.06520808817218053,0.016887283632405437,0.06235938239946279,0.014518196260505508,0.725,0.95,0.047017500000000004
L0,roved,5.0,0.5,40.0,39.0,0.975,0.6411283420746654,-0.06520808817218053,0.016887283632405437,0.06235938239946279,0.014518196260505508,0.9,1.0,0.0216575
L0,roved,5.0,0.75,40.0,40.0,1.0,0.6411283420746654,-0.06520808817218053,0.016887283632405437,0.06235938239946279,0.014518196260505508,0.95,1.0,0.009165
L0,roved,5.0,1.0,40.0,40.0,1.0,0.6411283420746654,-0.06520808817218053,0.016887283632405437,0.06235938239946279,0.014518196260505508,0.95,1.0,0.00688
L0,roved,10.0,-1.0,40.0,0.0,0.0,0.6411283420746654,-0.06520808817218053,0.016887283632405437,0.06235938239946279,0.014518196260505508,0.0,0.075,0.020775
L0,roved,10.0,-0.75,40.0,2.0,0.05,0.6411283420746654,-0.06520808817218053,0.016887283632405437,0.06235938239946279,0.014518196260505508,0.0,0.125,0.028157500000000002
L0,roved,10.0,-0.5,40.0,5.0,0.125,0.6411283420746654,-0.06520808817218053,0.016887283632405437,0.06235938239946279,0.014518196260505508,0.05,0.275,0.0480125
L0,roved,10.0,-0.25,40.0,13.0,0.325,0.6411283420746654,-0.06520808817218053,0.016887283632405437,0.06235938239946279,0.014518196260505508,0.175,0.475,0.060817500000000004
L0,roved,10.0,0.0,40.0,,0.425,0.6411283420746654,-0.06520808817218053,0.016887283632405437,0.06235938239946279,0.014518196260505508,0.4,0.725,
L0,roved,10.0,0.25,40.0,33.0,0.825,0.6411283420746654,-0.06520808817218053,0.016887283632405437,0.06235938239946279,0.014518196260505508,0.65,0.9,0.0608675
L0,roved,10.0,0.5,40.0,39.0,0.975,0.6411283420746654,-0.06520808817218053,0.016887283632405437,0.06235938239946279,0.014518196260505508,0.825,1.0,0.0592325
L0,roved,10.0,0.75,40.0,40.0,1.0,0.6411283420746654,-0.06520808817218053,0.016887283632405437,0.06235938239946279,0.014518196260505508,0.9,1.0,0.026845
L0,roved,10.0,1.0,40.0,40.0,1.0,0.6411283420746654,-0.06520808817218053,0.016887283632405437,0.06235938239946279,0.014518196260505508,0.95,1.0,0.010695
L1,fixed,2.0,-1.0,40.0,0.0,0.0,0.579378587202918,-0.040621001838734405,0.01086984810039569,0.08466284516946276,0.00016935492848213387,0.0,0.05,0.006404999999999999
L1,fixed,2.0,-0.75,40.0,0.0,0.0,0.579378587202918,-0.040621001838734405,0.01086984810039569,0.08466284516946276,0.00016935492848213387,0.0,0.05,0.0067824999999999995
L1,fixed,2.0,-0.5,40.0,0.0,0.0,0.579378587202918,-0.040621001838734405,0.01086984810039569,0.08466284516946276,0.00016935492848213387,0.0,0.05,0.006934999999999999
L1,fixed,2.0,-0.25,40.0,1.0,0.025,0.579378587202918,-0.040621001838734405,0.01086984810039569,0.08466284516946276,0.00016935492848213387,0.0,0.15,0.034050000000000004
L1,fixed,2.0,0.0,40.0,,0.55,0.579378587202918,-0.040621001838734405,0.01086984810039569,0.08466284516946276,0.00016935492848213387,0.425,0.85,
L1,fixed,2.0,0.25,40.0,40.0,1.0,0.579378587202918,-0.040621001838734405,0.01086984810039569,0.08466284516946276,0.00016935492848213387,0.925,1.0,0.0165375
L1,fixed,2.0,0.5,40.0,39.0,0.975,0.579378587202918,-0.040621001838734405,0.01086984810039569,0.08466284516946276,0.00016935492848213387,0.975,1.0,0.0211725
L1,fixed,2.0,0.75,40.0,40.0,1.0,0.579378587202918,-0.040621001838734405,0.01086984810039569,0.08466284516946276,0.00016935492848213387,0.975,1.0,0.0047225
L1,fixed,2.0,1.0,40.0,40.0,1.0,0.579378587202918,-0.040621001838734405,0.01086984810039569,0.08466284516946276,0.00016935492848213387,0.975,1.0,0.004725
L1,fixed,5.0,-1.0,40.0,0.0,0.0,0.579378587202918,-0.040621001838734405,0.01086984810039569,0.08466284516946276,0.00016935492848213387,0.0,0.05,0.006795
L1,fixed,5.0,-0.75,40.0,0.0,0.0,0.579378587202918,-0.040621001838734405,0.01086984810039569,0.08466284516946276,0.00016935492848213387,0.0,0.05,0.006805
L1,fixed,5.0,-0.5,40.0,1.0,0.025,0.579378587202918,-0.040621001838734405,0.01086984810039569,0.08466284516946276,0.00016935492848213387,0.0,0.05,0.0200925
L1,fixed,5.0,-0.25,40.0,2.0,0.05,0.579378587202918,-0.040621001838734405,0.01086984810039569,0.08466284516946276,0.00016935492848213387,0.0,0.15,0.0309525
L1,fixed,5.0,0.0,40.0,,0.6,0.579378587202918,-0.040621001838734405,0.01086984810039569,0.08466284516946276,0.00016935492848213387,0.425,0.825,
L1,fixed,5.0,0.25,40.0,40.0,1.0,0.579378587202918,-0.040621001838734405,0.01086984810039569,0.08466284516946276,0.00016935492848213387,0.925,1.0,0.01762
L1,fixed,5.0,0.5,40.0,40.0,1.0,0.579378587202918,-0.040621001838734405,0.01086984810039569,0.08466284516946276,0.00016935492848213387,0.975,1.0,0.0048775
L1,fixed,5.0,0.75,40.0,40.0,1.0,0.579378587202918,-0.040621001838734405,0.01086984810039569,0.08466284516946276,0.00016935492848213387,0.975,1.0,0.00482
L1,fixed,5.0,1.0,40.0,39.0,0.975,0.579378587202918,-0.040621001838734405,0.01086984810039569,0.08466284516946276,0.00016935492848213387,0.975,1.0,0.0212275
L1,fixed,10.0,-1.0,40.0,0.0,0.0,0.579378587202918,-0.040621001838734405,0.01086984810039569,0.08466284516946276,0.00016935492848213387,0.0,0.05,0.0064175
L1,fixed,10.0,-0.75,40.0,0.0,0.0,0.579378587202918,-0.040621001838734405,0.01086984810039569,0.08466284516946276,0.00016935492848213387,0.0,0.05,0.0063549999999999995
L1,fixed,10.0,-0.5,40.0,1.0,0.025,0.579378587202918,-0.040621001838734405,0.01086984810039569,0.08466284516946276,0.00016935492848213387,0.0,0.05,0.0202875
L1,fixed,10.0,-0.25,40.0,5.0,0.125,0.579378587202918,-0.040621001838734405,0.01086984810039569,0.08466284516946276,0.00016935492848213387,0.0,0.15,0.0711675
L1,fixed,10.0,0.0,40.0,,0.45,0.579378587202918,-0.040621001838734405,0.01086984810039569,0.08466284516946276,0.00016935492848213387,0.425,0.825,
L1,fixed,10.0,0.25,40.0,39.0,0.975,0.579378587202918,-0.040621001838734405,0.01086984810039569,0.08466284516946276,0.00016935492848213387,0.925,1.0,0.0192225
L1,fixed,10.0,0.5,40.0,40.0,1.0,0.579378587202918,-0.040621001838734405,0.01086984810039569,0.08466284516946276,0.00016935492848213387,0.975,1.0,0.004987500000000001
L1,fixed,10.0,0.75,40.0,40.0,1.0,0.579378587202918,-0.040621001838734405,0.01086984810039569,0.08466284516946276,0.00016935492848213387,0.975,1.0,0.0048125
L1,fixed,10.0,1.0,40.0,40.0,1.0,0.579378587202918,-0.040621001838734405,0.01086984810039569,0.08466284516946276,0.00016935492848213387,0.975,1.0,0.0047575
L1,roved,2.0,-1.0,40.0,0.0,0.0,0.5042155527105879,-0.03841292176985431,0.01795911148730896,0.04264285263416942,0.004143154043872366,0.0,0.05,0.0095675
L1,roved,2.0,-0.75,40.0,0.0,0.0,0.5042155527105879,-0.03841292176985431,0.01795911148730896,0.04264285263416942,0.004143154043872366,0.0,0.05,0.009707499999999999
L1,roved,2.0,-0.5,40.0,0.0,0.0,0.5042155527105879,-0.03841292176985431,0.01795911148730896,0.04264285263416942,0.004143154043872366,0.0,0.05,0.0096125
L1,roved,2.0,-0.25,40.0,0.0,0.0,0.5042155527105879,-0.03841292176985431,0.01795911148730896,0.04264285263416942,0.004143154043872366,0.0,0.125,0.04405
L1,roved,2.0,0.0,40.0,,0.425,0.5042155527105879,-0.03841292176985431,0.01795911148730896,0.04264285263416942,0.004143154043872366,0.425,0.825,
L1,roved,2.0,0.25,40.0,39.0,0.975,0.5042155527105879,-0.03841292176985431,0.01795911148730896,0.04264285263416942,0.004143154043872366,0.925,1.0,0.018105
L1,roved,2.0,0.5,40.0,40.0,1.0,0.5042155527105879,-0.03841292176985431,0.01795911148730896,0.04264285263416942,0.004143154043872366,0.95,1.0,0.009395
L1,roved,2.0,0.75,40.0,40.0,1.0,0.5042155527105879,-0.03841292176985431,0.01795911148730896,0.04264285263416942,0.004143154043872366,0.95,1.0,0.009304999999999999
L1,roved,2.0,1.0,40.0,40.0,1.0,0.5042155527105879,-0.03841292176985431,0.01795911148730896,0.04264285263416942,0.004143154043872366,0.95,1.0,0.0093425
L1,roved,5.0,-1.0,40.0,0.0,0.0,0.5042155527105879,-0.03841292176985431,0.01795911148730896,0.04264285263416942,0.004143154043872366,0.0,0.05,0.0094775
L1,roved,5.0,-0.75,40.0,0.0,0.0,0.5042155527105879,-0.03841292176985431,0.01795911148730896,0.04264285263416942,0.004143154043872366,0.0,0.05,0.009569999999999999
L1,roved,5.0,-0.5,40.0,1.0,0.025,0.5042155527105879,-0.03841292176985431,0.01795911148730896,0.04264285263416942,0.004143154043872366,0.0,0.05,0.018312500000000002
L1,roved,5.0,-0.25,40.0,4.0,0.1,0.5042155527105879,-0.03841292176985431,0.01795911148730896,0.04264285263416942,0.004143154043872366,0.025,0.225,0.042635
L1,roved,5.0,0.0,40.0,,0.5,0.5042155527105879,-0.03841292176985431,0.01795911148730896,0.04264285263416942,0.004143154043872366,0.425,0.775,
L1,roved,5.0,0.25,40.0,38.0,0.95,0.5042155527105879,-0.03841292176985431,0.01795911148730896,0.04264285263416942,0.004143154043872366,0.875,1.0,0.02924
L1,roved,5.0,0.5,40.0,40.0,1.0,0.5042155527105879,-0.03841292176985431,0.01795911148730896,0.04264285263416942,0.004143154043872366,0.95,1.0,0.010005
L1,roved,5.0,0.75,40.0,40.0,1.0,0.5042155527105879,-0.03841292176985431,0.01795911148730896,0.04264285263416942,0.004143154043872366,0.95,1.0,0.0092625
L1,roved,5.0,1.0,40.0,39.0,0.975,0.5042155527105879,-0.03841292176985431,0.01795911148730896,0.04264285263416942,0.004143154043872366,0.95,1.0,0.018915
L1,roved,10.0,-1.0,40.0,0.0,0.0,0.5042155527105879,-0.03841292176985431,0.01795911148730896,0.04264285263416942,0.004143154043872366,0.0,0.05,0.009482500000000001
L1,roved,10.0,-0.75,40.0,1.0,0.025,0.5042155527105879,-0.03841292176985431,0.01795911148730896,0.04264285263416942,0.004143154043872366,0.0,0.05,0.0187875
L1,roved,10.0,-0.5,40.0,0.0,0.0,0.5042155527105879,-0.03841292176985431,0.01795911148730896,0.04264285263416942,0.004143154043872366,0.0,0.1,0.027129999999999998
L1,roved,10.0,-0.25,40.0,5.0,0.125,0.5042155527105879,-0.03841292176985431,0.01795911148730896,0.04264285263416942,0.004143154043872366,0.05,0.3,0.063275
L1,roved,10.0,0.0,40.0,,0.625,0.5042155527105879,-0.03841292176985431,0.01795911148730896,0.04264285263416942,0.004143154043872366,0.4,0.75,
L1,roved,10.0,0.25,40.0,37.0,0.925,0.5042155527105879,-0.03841292176985431,0.01795911148730896,0.04264285263416942,0.004143154043872366,0.775,1.0,0.045297500000000004
L1,roved,10.0,0.5,40.0,40.0,1.0,0.5042155527105879,-0.03841292176985431,0.01795911148730896,0.04264285263416942,0.004143154043872366,0.925,1.0,0.0165475
L1,roved,10.0,0.75,40.0,39.0,0.975,0.5042155527105879,-0.03841292176985431,0.01795911148730896,0.04264285263416942,0.004143154043872366,0.95,1.0,0.018895000000000002
L1,roved,10.0,1.0,40.0,40.0,1.0,0.5042155527105879,-0.03841292176985431,0.01795911148730896,0.04264285263416942,0.004143154043872366,0.95,1.0,0.009385000000000001
L2,fixed,2.0,-1.0,40.0,1.0,0.025,0.5337727700697337,0.030431925250163153,0.04573183266722707,0.11176832776677795,0.0003665667475225492,0.0,0.075,0.0186325
L2,fixed,2.0,-0.75,40.0,0.0,0.0,0.5337727700697337,0.030431925250163153,0.04573183266722707,0.11176832776677795,0.0003665667475225492,0.0,0.075,0.02461
L2,fixed,2.0,-0.5,40.0,1.0,0.025,0.5337727700697337,0.030431925250163153,0.04573183266722707,0.11176832776677795,0.0003665667475225492,0.0,0.075,0.018654999999999998
L2,fixed,2.0,-0.25,40.0,1.0,0.025,0.5337727700697337,0.030431925250163153,0.04573183266722707,0.11176832776677795,0.0003665667475225492,0.0,0.175,0.04745
L2,fixed,2.0,0.0,40.0,,0.225,0.5337727700697337,0.030431925250163153,0.04573183266722707,0.11176832776677795,0.0003665667475225492,0.25,0.6,
L2,fixed,2.0,0.25,40.0,36.0,0.9,0.5337727700697337,0.030431925250163153,0.04573183266722707,0.11176832776677795,0.0003665667475225492,0.775,0.975,0.04227
L2,fixed,2.0,0.5,40.0,39.0,0.975,0.5337727700697337,0.030431925250163153,0.04573183266722707,0.11176832776677795,0.0003665667475225492,0.925,1.0,0.0185425
L2,fixed,2.0,0.75,40.0,40.0,1.0,0.5337727700697337,0.030431925250163153,0.04573183266722707,0.11176832776677795,0.0003665667475225492,0.925,1.0,0.0221475
L2,fixed,2.0,1.0,40.0,40.0,1.0,0.5337727700697337,0.030431925250163153,0.04573183266722707,0.11176832776677795,0.0003665667475225492,0.925,1.0,0.0216675
L2,fixed,5.0,-1.0,40.0,0.0,0.0,0.5337727700697337,0.030431925250163153,0.04573183266722707,0.11176832776677795,0.0003665667475225492,0.0,0.075,0.02425
L2,fixed,5.0,-0.75,40.0,1.0,0.025,0.5337727700697337,0.030431925250163153,0.04573183266722707,0.11176832776677795,0.0003665667475225492,0.0,0.075,0.0183875
L2,fixed,5.0,-0.5,40.0,0.0,0.0,0.5337727700697337,0.030431925250163153,0.04573183266722707,0.11176832776677795,0.0003665667475225492,0.0,0.075,0.026077499999999997
L2,fixed,5.0,-0.25,40.0,1.0,0.025,0.5337727700697337,0.030431925250163153,0.04573183266722707,0.11176832776677795,0.0003665667475225492,0.0,0.175,0.0503325
L2,fixed,5.0,0.0,40.0,,0.35,0.5337727700697337,0.030431925250163153,0.04573183266722707,0.11176832776677795,0.0003665667475225492,0.25,0.625,
L2,fixed,5.0,0.25,40.0,30.0,0.75,0.5337727700697337,0.030431925250163153,0.04573183266722707,0.11176832776677795,0.0003665667475225492,0.775,0.975,0.1410075
L2,fixed,5.0,0.5,40.0,39.0,0.975,0.5337727700697337,0.030431925250163153,0.04573183266722707,0.11176832776677795,0.0003665667475225492,0.925,1.0,0.018840000000000003
L2,fixed,5.0,0.75,40.0,40.0,1.0,0.5337727700697337,0.030431925250163153,0.04573183266722707,0.11176832776677795,0.0003665667475225492,0.925,1.0,0.0215475
L2,fixed,5.0,1.0,40.0,40.0,1.0,0.5337727700697337,0.030431925250163153,0.04573183266722707,0.11176832776677795,0.0003665667475225492,0.925,1.0,0.022105
L2,fixed,10.0,-1.0,40.0,1.0,0.025,0.5337727700697337,0.030431925250163153,0.04573183266722707,0.11176832776677795,0.0003665667475225492,0.0,0.075,0.018495
L2,fixed,10.0,-0.75,40.0,0.0,0.0,0.5337727700697337,0.030431925250163153,0.04573183266722707,0.11176832776677795,0.0003665667475225492,0.0,0.075,0.024715
L2,fixed,10.0,-0.5,40.0,2.0,0.05,0.5337727700697337,0.030431925250163153,0.04573183266722707,0.11176832776677795,0.0003665667475225492,0.0,0.1,0.029957499999999998
L2,fixed,10.0,-0.25,40.0,2.0,0.05,0.5337727700697337,0.030431925250163153,0.04573183266722707,0.11176832776677795,0.0003665667475225492,0.0,0.175,0.04036
L2,fixed,10.0,0.0,40.0,,0.55,0.5337727700697337,0.030431925250163153,0.04573183266722707,0.11176832776677795,0.0003665667475225492,0.2743750000000006,0.625,
L2,fixed,10.0,0.25,40.0,36.0,0.9,0.5337727700697337,0.030431925250163153,0.04573183266722707,0.11176832776677795,0.0003665667475225492,0.75,0.975,0.044715
L2,fixed,10.0,0.5,40.0,39.0,0.975,0.5337727700697337,0.030431925250163153,0.04573183266722707,0.11176832776677795,0.0003665667475225492,0.925,1.0,0.018340000000000002
L2,fixed,10.0,0.75,40.0,37.0,0.925,0.5337727700697337,0.030431925250163153,0.04573183266722707,0.11176832776677795,0.0003665667475225492,0.925,1.0,0.054200000000000005
L2,fixed,10.0,1.0,40.0,40.0,1.0,0.5337727700697337,0.030431925250163153,0.04573183266722707,0.11176832776677795,0.0003665667475225492,0.925,1.0,0.0214875
L2,roved,2.0,-1.0,40.0,0.0,0.0,0.458082803515506,0.03264000531904397,0.0738601179738932,0.05629530073772494,0.008967808117302342,0.0,0.1,0.033952500000000004
L2,roved,2.0,-0.75,40.0,1.0,0.025,0.458082803515506,0.03264000531904397,0.0738601179738932,0.05629530073772494,0.008967808117302342,0.0,0.1,0.022635
L2,roved,2.0,-0.5,40.0,1.0,0.025,0.458082803515506,0.03264000531904397,0.0738601179738932,0.05629530073772494,0.008967808117302342,0.0,0.1,0.0229575
L2,roved,2.0,-0.25,40.0,6.0,0.15,0.458082803515506,0.03264000531904397,0.0738601179738932,0.05629530073772494,0.008967808117302342,0.0,0.175,0.0767525
L2,roved,2.0,0.0,40.0,,0.55,0.458082803515506,0.03264000531904397,0.0738601179738932,0.05629530073772494,0.008967808117302342,0.25,0.6,
L2,roved,2.0,0.25,40.0,36.0,0.9,0.458082803515506,0.03264000531904397,0.0738601179738932,0.05629530073772494,0.008967808117302342,0.75,0.975,0.0482275
L2,roved,2.0,0.5,40.0,35.0,0.875,0.458082803515506,0.03264000531904397,0.0738601179738932,0.05629530073772494,0.008967808117302342,0.875,1.0,0.08213000000000001
L2,roved,2.0,0.75,40.0,38.0,0.95,0.458082803515506,0.03264000531904397,0.0738601179738932,0.05629530073772494,0.008967808117302342,0.875,1.0,0.0265625
L2,roved,2.0,1.0,40.0,37.0,0.925,0.458082803515506,0.03264000531904397,0.0738601179738932,0.05629530073772494,0.008967808117302342,0.875,1.0,0.0406575
L2,roved,5.0,-1.0,40.0,2.0,0.05,0.458082803515506,0.03264000531904397,0.0738601179738932,0.05629530073772494,0.008967808117302342,0.0,0.1,0.027585
L2,roved,5.0,-0.75,40.0,2.0,0.05,0.458082803515506,0.03264000531904397,0.0738601179738932,0.05629530073772494,0.008967808117302342,0.0,0.1,0.027352500000000002
L2,roved,5.0,-0.5,40.0,2.0,0.05,0.458082803515506,0.03264000531904397,0.0738601179738932,0.05629530073772494,0.008967808117302342,0.0,0.125,0.026735
L2,roved,5.0,-0.25,40.0,2.0,0.05,0.458082803515506,0.03264000531904397,0.0738601179738932,0.05629530073772494,0.008967808117302342,0.025,0.275,0.0944325
L2,roved,5.0,0.0,40.0,,0.475,0.458082803515506,0.03264000531904397,0.0738601179738932,0.05629530073772494,0.008967808117302342,0.275,0.625,
L2,roved,5.0,0.25,40.0,39.0,0.975,0.458082803515506,0.03264000531904397,0.0738601179738932,0.05629530073772494,0.008967808117302342,0.65,0.925,0.173655
L2,roved,5.0,0.5,40.0,40.0,1.0,0.458082803515506,0.03264000531904397,0.0738601179738932,0.05629530073772494,0.008967808117302342,0.85,1.0,0.062270000000000006
L2,roved,5.0,0.75,40.0,40.0,1.0,0.458082803515506,0.03264000531904397,0.0738601179738932,0.05629530073772494,0.008967808117302342,0.875,1.0,0.041515
L2,roved,5.0,1.0,40.0,37.0,0.925,0.458082803515506,0.03264000531904397,0.0738601179738932,0.05629530073772494,0.008967808117302342,0.875,1.0,0.03997
L2,roved,10.0,-1.0,40.0,1.0,0.025,0.458082803515506,0.03264000531904397,0.0738601179738932,0.05629530073772494,0.008967808117302342,0.0,0.1,0.022475000000000002
L2,roved,10.0,-0.75,40.0,3.0,0.075,0.458082803515506,0.03264000531904397,0.0738601179738932,0.05629530073772494,0.008967808117302342,0.0,0.125,0.039642500000000004
L2,roved,10.0,-0.5,40.0,8.0,0.2,0.458082803515506,0.03264000531904397,0.0738601179738932,0.05629530073772494,0.008967808117302342,0.0,0.175,0.1202675
L2,roved,10.0,-0.25,40.0,8.0,0.2,0.458082803515506,0.03264000531904397,0.0738601179738932,0.05629530073772494,0.008967808117302342,0.075,0.35,0.05749
L2,roved,10.0,0.0,40.0,,0.65,0.458082803515506,0.03264000531904397,0.0738601179738932,0.05629530073772494,0.008967808117302342,0.3,0.625,
L2,roved,10.0,0.25,40.0,31.0,0.775,0.458082803515506,0.03264000531904397,0.0738601179738932,0.05629530073772494,0.008967808117302342,0.575,0.875,0.0670825
L2,roved,10.0,0.5,40.0,38.0,0.95,0.458082803515506,0.03264000531904397,0.0738601179738932,0.05629530073772494,0.008967808117302342,0.775,0.975,0.060735
L2,roved,10.0,0.75,40.0,37.0,0.925,0.458082803515506,0.03264000531904397,0.0738601179738932,0.05629530073772494,0.008967808117302342,0.875,1.0,0.03505
L2,roved,10.0,1.0,40.0,37.0,0.925,0.458082803515506,0.03264000531904397,0.0738601179738932,0.05629530073772494,0.008967808117302342,0.875,1.0,0.0397
L3,fixed,2.0,-1.0,40.0,1.0,0.025,0.8273690009288044,-0.05338891084007464,0.05279425327991507,0.13271143997911503,0.00037210454303936104,0.0,0.125,0.027305000000000003
L3,fixed,2.0,-0.75,40.0,4.0,0.1,0.8273690009288044,-0.05338891084007464,0.05279425327991507,0.13271143997911503,0.00037210454303936104,0.0,0.125,0.058047499999999995
L3,fixed,2.0,-0.5,40.0,2.0,0.05,0.8273690009288044,-0.05338891084007464,0.05279425327991507,0.13271143997911503,0.00037210454303936104,0.0,0.15,0.028372500000000002
L3,fixed,2.0,-0.25,40.0,7.0,0.175,0.8273690009288044,-0.05338891084007464,0.05279425327991507,0.13271143997911503,0.00037210454303936104,0.075,0.325,0.053825
L3,fixed,2.0,0.0,40.0,,0.6,0.8273690009288044,-0.05338891084007464,0.05279425327991507,0.13271143997911503,0.00037210454303936104,0.45,0.775,
L3,fixed,2.0,0.25,40.0,37.0,0.925,0.8273690009288044,-0.05338891084007464,0.05279425327991507,0.13271143997911503,0.00037210454303936104,0.8493750000000005,1.0,0.035402499999999996
L3,fixed,2.0,0.5,40.0,39.0,0.975,0.8273690009288044,-0.05338891084007464,0.05279425327991507,0.13271143997911503,0.00037210454303936104,0.95,1.0,0.01819
L3,fixed,2.0,0.75,40.0,39.0,0.975,0.8273690009288044,-0.05338891084007464,0.05279425327991507,0.13271143997911503,0.00037210454303936104,0.95,1.0,0.018645000000000002
L3,fixed,2.0,1.0,40.0,40.0,1.0,0.8273690009288044,-0.05338891084007464,0.05279425327991507,0.13271143997911503,0.00037210454303936104,0.95,1.0,0.0096075
L3,fixed,5.0,-1.0,40.0,3.0,0.075,0.8273690009288044,-0.05338891084007464,0.05279425327991507,0.13271143997911503,0.00037210454303936104,0.0,0.125,0.0380475
L3,fixed,5.0,-0.75,40.0,3.0,0.075,0.8273690009288044,-0.05338891084007464,0.05279425327991507,0.13271143997911503,0.00037210454303936104,0.0,0.125,0.0385075
L3,fixed,5.0,-0.5,40.0,1.0,0.025,0.8273690009288044,-0.05338891084007464,0.05279425327991507,0.13271143997911503,0.00037210454303936104,0.0,0.125,0.0354325
L3,fixed,5.0,-0.25,40.0,11.0,0.275,0.8273690009288044,-0.05338891084007464,0.05279425327991507,0.13271143997911503,0.00037210454303936104,0.075,0.325,0.0930425
L3,fixed,5.0,0.0,40.0,,0.575,0.8273690009288044,-0.05338891084007464,0.05279425327991507,0.13271143997911503,0.00037210454303936104,0.45,0.775,
L3,fixed,5.0,0.25,40.0,39.0,0.975,0.8273690009288044,-0.05338891084007464,0.05279425327991507,0.13271143997911503,0.00037210454303936104,0.825,1.0,0.0470625
L3,fixed,5.0,0.5,40.0,39.0,0.975,0.8273690009288044,-0.05338891084007464,0.05279425327991507,0.13271143997911503,0.00037210454303936104,0.95,1.0,0.0179975
L3,fixed,5.0,0.75,40.0,40.0,1.0,0.8273690009288044,-0.05338891084007464,0.05279425327991507,0.13271143997911503,0.00037210454303936104,0.95,1.0,0.00963
L3,fixed,5.0,1.0,40.0,40.0,1.0,0.8273690009288044,-0.05338891084007464,0.05279425327991507,0.13271143997911503,0.00037210454303936104,0.95,1.0,0.0097025
L3,fixed,10.0,-1.0,40.0,0.0,0.0,0.8273690009288044,-0.05338891084007464,0.05279425327991507,0.13271143997911503,0.00037210454303936104,0.0,0.125,0.0445325
L3,fixed,10.0,-0.75,40.0,1.0,0.025,0.8273690009288044,-0.05338891084007464,0.05279425327991507,0.13271143997911503,0.00037210454303936104,0.0,0.125,0.028112500000000002
L3,fixed,10.0,-0.5,40.0,0.0,0.0,0.8273690009288044,-0.05338891084007464,0.05279425327991507,0.13271143997911503,0.00037210454303936104,0.0,0.15,0.056535
L3,fixed,10.0,-0.25,40.0,7.0,0.175,0.8273690009288044,-0.05338891084007464,0.05279425327991507,0.13271143997911503,0.00037210454303936104,0.075,0.325,0.055502499999999996
L3,fixed,10.0,0.0,40.0,,0.65,0.8273690009288044,-0.05338891084007464,0.05279425327991507,0.13271143997911503,0.00037210454303936104,0.45,0.775,
L3,fixed,10.0,0.25,40.0,35.0,0.875,0.8273690009288044,-0.05338891084007464,0.05279425327991507,0.13271143997911503,0.00037210454303936104,0.825,1.0,0.060250000000000005
L3,fixed,10.0,0.5,40.0,40.0,1.0,0.8273690009288044,-0.05338891084007464,0.05279425327991507,0.13271143997911503,0.00037210454303936104,0.95,1.0,0.012640000000000002
L3,fixed,10.0,0.75,40.0,39.0,0.975,0.8273690009288044,-0.05338891084007464,0.05279425327991507,0.13271143997911503,0.00037210454303936104,0.95,1.0,0.018867500000000002
L3,fixed,10.0,1.0,40.0,40.0,1.0,0.8273690009288044,-0.05338891084007464,0.05279425327991507,0.13271143997911503,0.00037210454303936104,0.95,1.0,0.009575
L3,roved,2.0,-1.0,40.0,2.0,0.05,0.7796682389347718,-0.05118083077119424,0.08488004382234772,0.06684389553139183,0.009103286547692793,0.0,0.15,0.03295
L3,roved,2.0,-0.75,40.0,3.0,0.075,0.7796682389347718,-0.05118083077119424,0.08488004382234772,0.06684389553139183,0.009103286547692793,0.0,0.15,0.033125
L3,roved,2.0,-0.5,40.0,1.0,0.025,0.7796682389347718,-0.05118083077119424,0.08488004382234772,0.06684389553139183,0.009103286547692793,0.0,0.175,0.04923
L3,roved,2.0,-0.25,40.0,5.0,0.125,0.7796682389347718,-0.05118083077119424,0.08488004382234772,0.06684389553139183,0.009103286547692793,0.05,0.325,0.068235
L3,roved,2.0,0.0,40.0,,0.7,0.7796682389347718,-0.05118083077119424,0.08488004382234772,0.06684389553139183,0.009103286547692793,0.45,0.8,
L3,roved,2.0,0.25,40.0,39.0,0.975,0.7796682389347718,-0.05118083077119424,0.08488004382234772,0.06684389553139183,0.009103286547692793,0.85,1.0,0.0382625
L3,roved,2.0,0.5,40.0,40.0,1.0,0.7796682389347718,-0.05118083077119424,0.08488004382234772,0.06684389553139183,0.009103286547692793,0.925,1.0,0.020282500000000002
L3,roved,2.0,0.75,40.0,39.0,0.975,0.7796682389347718,-0.05118083077119424,0.08488004382234772,0.06684389553139183,0.009103286547692793,0.925,1.0,0.01814
L3,roved,2.0,1.0,40.0,40.0,1.0,0.7796682389347718,-0.05118083077119424,0.08488004382234772,0.06684389553139183,0.009103286547692793,0.925,1.0,0.0194
L3,roved,5.0,-1.0,40.0,7.0,0.175,0.7796682389347718,-0.05118083077119424,0.08488004382234772,0.06684389553139183,0.009103286547692793,0.0,0.15,0.108945
L3,roved,5.0,-0.75,40.0,3.0,0.075,0.7796682389347718,-0.05118083077119424,0.08488004382234772,0.06684389553139183,0.009103286547692793,0.0,0.15,0.033460000000000004
L3,roved,5.0,-0.5,40.0,3.0,0.075,0.7796682389347718,-0.05118083077119424,0.08488004382234772,0.06684389553139183,0.009103286547692793,0.025,0.2,0.040385
L3,roved,5.0,-0.25,40.0,7.0,0.175,0.7796682389347718,-0.05118083077119424,0.08488004382234772,0.06684389553139183,0.009103286547692793,0.125,0.4,0.08597
L3,roved,5.0,0.0,40.0,,0.725,0.7796682389347718,-0.05118083077119424,0.08488004382234772,0.06684389553139183,0.009103286547692793,0.425,0.75,
L3,roved,5.0,0.25,40.0,37.0,0.925,0.7796682389347718,-0.05118083077119424,0.08488004382234772,0.06684389553139183,0.009103286547692793,0.775,0.975,0.053047500000000004
L3,roved,5.0,0.5,40.0,39.0,0.975,0.7796682389347718,-0.05118083077119424,0.08488004382234772,0.06684389553139183,0.009103286547692793,0.9,1.0,0.020125
L3,roved,5.0,0.75,40.0,40.0,1.0,0.7796682389347718,-0.05118083077119424,0.08488004382234772,0.06684389553139183,0.009103286547692793,0.925,1.0,0.0194975
L3,roved,5.0,1.0,40.0,39.0,0.975,0.7796682389347718,-0.05118083077119424,0.08488004382234772,0.06684389553139183,0.009103286547692793,0.925,1.0,0.0176475
L3,roved,10.0,-1.0,40.0,1.0,0.025,0.7796682389347718,-0.05118083077119424,0.08488004382234772,0.06684389553139183,0.009103286547692793,0.0,0.15,0.04809
L3,roved,10.0,-0.75,40.0,5.0,0.125,0.7796682389347718,-0.05118083077119424,0.08488004382234772,0.06684389553139183,0.009103286547692793,0.0,0.175,0.0528125
L3,roved,10.0,-0.5,40.0,10.0,0.25,0.7796682389347718,-0.05118083077119424,0.08488004382234772,0.06684389553139183,0.009103286547692793,0.05,0.275,0.111175
L3,roved,10.0,-0.25,40.0,12.0,0.3,0.7796682389347718,-0.05118083077119424,0.08488004382234772,0.06684389553139183,0.009103286547692793,0.175,0.475,0.0621925
L3,roved,10.0,0.0,40.0,,0.55,0.7796682389347718,-0.05118083077119424,0.08488004382234772,0.06684389553139183,0.009103286547692793,0.425,0.75,
L3,roved,10.0,0.25,40.0,35.0,0.875,0.7796682389347718,-0.05118083077119424,0.08488004382234772,0.06684389553139183,0.009103286547692793,0.675,0.95,0.06679
L3,roved,10.0,0.5,40.0,37.0,0.925,0.7796682389347718,-0.05118083077119424,0.08488004382234772,0.06684389553139183,0.009103286547692793,0.85,1.0,0.0345825
L3,roved,10.0,0.75,40.0,40.0,1.0,0.7796682389347718,-0.05118083077119424,0.08488004382234772,0.06684389553139183,0.009103286547692793,0.925,1.0,0.026022499999999997
L3,roved,10.0,1.0,40.0,38.0,0.95,0.7796682389347718,-0.05118083077119424,0.08488004382234772,0.06684389553139183,0.009103286547692793,0.925,1.0,0.0328375
L4,fixed,2.0,-1.0,40.0,1.0,0.025,0.7733815122821533,-0.01578497794499334,0.02325635661233641,0.1416773070254055,0.0005835528298693605,0.0,0.075,0.017724999999999998
L4,fixed,2.0,-0.75,40.0,1.0,0.025,0.7733815122821533,-0.01578497794499334,0.02325635661233641,0.1416773070254055,0.0005835528298693605,0.0,0.075,0.0177325
L4,fixed,2.0,-0.5,40.0,1.0,0.025,0.7733815122821533,-0.01578497794499334,0.02325635661233641,0.1416773070254055,0.0005835528298693605,0.0,0.1,0.0197675
L4,fixed,2.0,-0.25,40.0,5.0,0.125,0.7733815122821533,-0.01578497794499334,0.02325635661233641,0.1416773070254055,0.0005835528298693605,0.05,0.275,0.0493975
L4,fixed,2.0,0.0,40.0,,0.375,0.7733815122821533,-0.01578497794499334,0.02325635661233641,0.1416773070254055,0.0005835528298693605,0.375,0.7,
L4,fixed,2.0,0.25,40.0,35.0,0.875,0.7733815122821533,-0.01578497794499334,0.02325635661233641,0.1416773070254055,0.0005835528298693605,0.775,0.975,0.047565
L4,fixed,2.0,0.5,40.0,40.0,1.0,0.7733815122821533,-0.01578497794499334,0.02325635661233641,0.1416773070254055,0.0005835528298693605,0.95,1.0,0.0119925
L4,fixed,2.0,0.75,40.0,39.0,0.975,0.7733815122821533,-0.01578497794499334,0.02325635661233641,0.1416773070254055,0.0005835528298693605,0.95,1.0,0.0204325
L4,fixed,2.0,1.0,40.0,40.0,1.0,0.7733815122821533,-0.01578497794499334,0.02325635661233641,0.1416773070254055,0.0005835528298693605,0.95,1.0,0.0060175
L4,fixed,5.0,-1.0,40.0,0.0,0.0,0.7733815122821533,-0.01578497794499334,0.02325635661233641,0.1416773070254055,0.0005835528298693605,0.0,0.075,0.01801
L4,fixed,5.0,-0.75,40.0,1.0,0.025,0.7733815122821533,-0.01578497794499334,0.02325635661233641,0.1416773070254055,0.0005835528298693605,0.0,0.075,0.017527499999999998
L4,fixed,5.0,-0.5,40.0,0.0,0.0,0.7733815122821533,-0.01578497794499334,0.02325635661233641,0.1416773070254055,0.0005835528298693605,0.0,0.1,0.0292275
L4,fixed,5.0,-0.25,40.0,8.0,0.2,0.7733815122821533,-0.01578497794499334,0.02325635661233641,0.1416773070254055,0.0005835528298693605,0.05,0.275,0.067845
L4,fixed,5.0,0.0,40.0,,0.325,0.7733815122821533,-0.01578497794499334,0.02325635661233641,0.1416773070254055,0.0005835528298693605,0.375,0.7,
L4,fixed,5.0,0.25,40.0,36.0,0.9,0.7733815122821533,-0.01578497794499334,0.02325635661233641,0.1416773070254055,0.0005835528298693605,0.775,0.975,0.041925000000000004
L4,fixed,5.0,0.5,40.0,39.0,0.975,0.7733815122821533,-0.01578497794499334,0.02325635661233641,0.1416773070254055,0.0005835528298693605,0.95,1.0,0.0182275
L4,fixed,5.0,0.75,40.0,40.0,1.0,0.7733815122821533,-0.01578497794499334,0.02325635661233641,0.1416773070254055,0.0005835528298693605,0.95,1.0,0.006125
L4,fixed,5.0,1.0,40.0,40.0,1.0,0.7733815122821533,-0.01578497794499334,0.02325635661233641,0.1416773070254055,0.0005835528298693605,0.95,1.0,0.005882500000000001
L4,fixed,10.0,-1.0,40.0,1.0,0.025,0.7733815122821533,-0.01578497794499334,0.02325635661233641,0.1416773070254055,0.0005835528298693605,0.0,0.075,0.017835
L4,fixed,10.0,-0.75,40.0,0.0,0.0,0.7733815122821533,-0.01578497794499334,0.02325635661233641,0.1416773070254055,0.0005835528298693605,0.0,0.075,0.0188325
L4,fixed,10.0,-0.5,40.0,1.0,0.025,0.7733815122821533,-0.01578497794499334,0.02325635661233641,0.1416773070254055,0.0005835528298693605,0.0,0.1,0.0210525
L4,fixed,10.0,-0.25,40.0,4.0,0.1,0.7733815122821533,-0.01578497794499334,0.02325635661233641,0.1416773070254055,0.0005835528298693605,0.05,0.275,0.06478249999999999
L4,fixed,10.0,0.0,40.0,,0.375,0.7733815122821533,-0.01578497794499334,0.02325635661233641,0.1416773070254055,0.0005835528298693605,0.375,0.7,
L4,fixed,10.0,0.25,40.0,37.0,0.925,0.7733815122821533,-0.01578497794499334,0.02325635661233641,0.1416773070254055,0.0005835528298693605,0.775,0.975,0.050965
L4,fixed,10.0,0.5,40.0,38.0,0.95,0.7733815122821533,-0.01578497794499334,0.02325635661233641,0.1416773070254055,0.0005835528298693605,0.95,1.0,0.036325
L4,fixed,10.0,0.75,40.0,40.0,1.0,0.7733815122821533,-0.01578497794499334,0.02325635661233641,0.1416773070254055,0.0005835528298693605,0.95,1.0,0.006265
L4,fixed,10.0,1.0,40.0,40.0,1.0,0.7733815122821533,-0.01578497794499334,0.02325635661233641,0.1416773070254055,0.0005835528298693605,0.95,1.0,0.0059075
L4,roved,2.0,-1.0,40.0,1.0,0.025,0.7158857612255017,-0.013576897876112748,0.038112767583262215,0.0713598097606773,0.014276226198763934,0.0,0.1,0.0198375
L4,roved,2.0,-0.75,40.0,2.0,0.05,0.7158857612255017,-0.013576897876112748,0.038112767583262215,0.0713598097606773,0.014276226198763934,0.0,0.1,0.029654999999999997
L4,roved,2.0,-0.5,40.0,3.0,0.075,0.7158857612255017,-0.013576897876112748,0.038112767583262215,0.0713598097606773,0.014276226198763934,0.0,0.1,0.04222
L4,roved,2.0,-0.25,40.0,4.0,0.1,0.7158857612255017,-0.013576897876112748,0.038112767583262215,0.0713598097606773,0.014276226198763934,0.05,0.275,0.061545
L4,roved,2.0,0.0,40.0,,0.4,0.7158857612255017,-0.013576897876112748,0.038112767583262215,0.0713598097606773,0.014276226198763934,0.375,0.7,
L4,roved,2.0,0.25,40.0,35.0,0.875,0.7158857612255017,-0.013576897876112748,0.038112767583262215,0.0713598097606773,0.014276226198763934,0.775,0.975,0.04546
L4,roved,2.0,0.5,40.0,40.0,1.0,0.7158857612255017,-0.013576897876112748,0.038112767583262215,0.0713598097606773,0.014276226198763934,0.925,1.0,0.01823
L4,roved,2.0,0.75,40.0,40.0,1.0,0.7158857612255017,-0.013576897876112748,0.038112767583262215,0.0713598097606773,0.014276226198763934,0.95,1.0,0.011935
L4,roved,2.0,1.0,40.0,40.0,1.0,0.7158857612255017,-0.013576897876112748,0.038112767583262215,0.0713598097606773,0.014276226198763934,0.95,1.0,0.0114125
L4,roved,5.0,-1.0,40.0,1.0,0.025,0.7158857612255017,-0.013576897876112748,0.038112767583262215,0.0713598097606773,0.014276226198763934,0.0,0.1,0.0199075
L4,roved,5.0,-0.75,40.0,1.0,0.025,0.7158857612255017,-0.013576897876112748,0.038112767583262215,0.0713598097606773,0.014276226198763934,0.0,0.1,0.02195
L4,roved,5.0,-0.5,40.0,5.0,0.125,0.7158857612255017,-0.013576897876112748,0.038112767583262215,0.0713598097606773,0.014276226198763934,0.0,0.175,0.056745000000000004
L4,roved,5.0,-0.25,40.0,9.0,0.225,0.7158857612255017,-0.013576897876112748,0.038112767583262215,0.0713598097606773,0.014276226198763934,0.1,0.375,0.054912499999999996
L4,roved,5.0,0.0,40.0,,0.5,0.7158857612255017,-0.013576897876112748,0.038112767583262215,0.0713598097606773,0.014276226198763934,0.375,0.7,
L4,roved,5.0,0.25,40.0,35.0,0.875,0.7158857612255017,-0.013576897876112748,0.038112767583262215,0.0713598097606773,0.014276226198763934,0.675,0.925,0.07217
L4,roved,5.0,0.5,40.0,39.0,0.975,0.7158857612255017,-0.013576897876112748,0.038112767583262215,0.0713598097606773,0.014276226198763934,0.875,1.0,0.03189
L4,roved,5.0,0.75,40.0,40.0,1.0,0.7158857612255017,-0.013576897876112748,0.038112767583262215,0.0713598097606773,0.014276226198763934,0.925,1.0,0.01665
L4,roved,5.0,1.0,40.0,40.0,1.0,0.7158857612255017,-0.013576897876112748,0.038112767583262215,0.0713598097606773,0.014276226198763934,0.95,1.0,0.012065
L4,roved,10.0,-1.0,40.0,1.0,0.025,0.7158857612255017,-0.013576897876112748,0.038112767583262215,0.0713598097606773,0.014276226198763934,0.0,0.1,0.0219225
L4,roved,10.0,-0.75,40.0,1.0,0.025,0.7158857612255017,-0.013576897876112748,0.038112767583262215,0.0713598097606773,0.014276226198763934,0.0,0.15,0.0387975
L4,roved,10.0,-0.5,40.0,6.0,0.15,0.7158857612255017,-0.013576897876112748,0.038112767583262215,0.0713598097606773,0.014276226198763934,0.025,0.25,0.04819
L4,roved,10.0,-0.25,40.0,10.0,0.25,0.7158857612255017,-0.013576897876112748,0.038112767583262215,0.0713598097606773,0.014276226198763934,0.15,0.45,0.06838
L4,roved,10.0,0.0,40.0,,0.6,0.7158857612255017,-0.013576897876112748,0.038112767583262215,0.0713598097606773,0.014276226198763934,0.35,0.675,
L4,roved,10.0,0.25,40.0,33.0,0.825,0.7158857612255017,-0.013576897876112748,0.038112767583262215,0.0713598097606773,0.014276226198763934,0.6,0.875,0.086955
L4,roved,10.0,0.5,40.0,37.0,0.925,0.7158857612255017,-0.013576897876112748,0.038112767583262215,0.0713598097606773,0.014276226198763934,0.775,0.975,0.0457525
L4,roved,10.0,0.75,40.0,36.0,0.9,0.7158857612255017,-0.013576897876112748,0.038112767583262215,0.0713598097606773,0.014276226198763934,0.9,1.0,0.06280250000000001
L4,roved,10.0,1.0,40.0,39.0,0.975,0.7158857612255017,-0.013576897876112748,0.038112767583262215,0.0713598097606773,0.014276226198763934,0.925,1.0,0.0174925
L5,fixed,2.0,-1.0,40.0,1.0,0.025,0.4385169006426677,-0.0138497677506814,0.04945925130081186,0.10807466406983517,0.0014171309011251504,0.0,0.075,0.018185
L5,fixed,2.0,-0.75,40.0,0.0,0.0,0.4385169006426677,-0.0138497677506814,0.04945925130081186,0.10807466406983517,0.0014171309011251504,0.0,0.075,0.0221875
L5,fixed,2.0,-0.5,40.0,1.0,0.025,0.4385169006426677,-0.0138497677506814,0.04945925130081186,0.10807466406983517,0.0014171309011251504,0.0,0.075,0.0186025
L5,fixed,2.0,-0.25,40.0,5.0,0.125,0.4385169006426677,-0.0138497677506814,0.04945925130081186,0.10807466406983517,0.0014171309011251504,0.0,0.225,0.050995
L5,fixed,2.0,0.0,40.0,,0.7,0.4385169006426677,-0.0138497677506814,0.04945925130081186,0.10807466406983517,0.0014171309011251504,0.35,0.725,
L5,fixed,2.0,0.25,40.0,38.0,0.95,0.4385169006426677,-0.0138497677506814,0.04945925130081186,0.10807466406983517,0.0014171309011251504,0.8,1.0,0.045787499999999995
L5,fixed,2.0,0.5,40.0,39.0,0.975,0.4385169006426677,-0.0138497677506814,0.04945925130081186,0.10807466406983517,0.0014171309011251504,0.9,1.0,0.020455
L5,fixed,2.0,0.75,40.0,40.0,1.0,0.4385169006426677,-0.0138497677506814,0.04945925130081186,0.10807466406983517,0.0014171309011251504,0.9,1.0,0.0281275
L5,fixed,2.0,1.0,40.0,40.0,1.0,0.4385169006426677,-0.0138497677506814,0.04945925130081186,0.10807466406983517,0.0014171309011251504,0.9,1.0,0.0279725
L5,fixed,5.0,-1.0,40.0,1.0,0.025,0.4385169006426677,-0.0138497677506814,0.04945925130081186,0.10807466406983517,0.0014171309011251504,0.0,0.075,0.01829
L5,fixed,5.0,-0.75,40.0,2.0,0.05,0.4385169006426677,-0.0138497677506814,0.04945925130081186,0.10807466406983517,0.0014171309011251504,0.0,0.075,0.0319
L5,fixed,5.0,-0.5,40.0,1.0,0.025,0.4385169006426677,-0.0138497677506814,0.04945925130081186,0.10807466406983517,0.0014171309011251504,0.0,0.075,0.0191675
L5,fixed,5.0,-0.25,40.0,3.0,0.075,0.4385169006426677,-0.0138497677506814,0.04945925130081186,0.10807466406983517,0.0014171309011251504,0.025,0.225,0.050835
L5,fixed,5.0,0.0,40.0,,0.675,0.4385169006426677,-0.0138497677506814,0.04945925130081186,0.10807466406983517,0.0014171309011251504,0.35,0.7,
L5,fixed,5.0,0.25,40.0,36.0,0.9,0.4385169006426677,-0.0138497677506814,0.04945925130081186,0.10807466406983517,0.0014171309011251504,0.775,1.0,0.0425475
L5,fixed,5.0,0.5,40.0,39.0,0.975,0.4385169006426677,-0.0138497677506814,0.04945925130081186,0.10807466406983517,0.0014171309011251504,0.9,1.0,0.020665
L5,fixed,5.0,0.75,40.0,39.0,0.975,0.4385169006426677,-0.0138497677506814,0.04945925130081186,0.10807466406983517,0.0014171309011251504,0.9,1.0,0.0200225
L5,fixed,5.0,1.0,40.0,37.0,0.925,0.4385169006426677,-0.0138497677506814,0.04945925130081186,0.10807466406983517,0.0014171309011251504,0.9,1.0,0.048877500000000004
L5,fixed,10.0,-1.0,40.0,1.0,0.025,0.4385169006426677,-0.0138497677506814,0.04945925130081186,0.10807466406983517,0.0014171309011251504,0.0,0.075,0.018260000000000002
L5,fixed,10.0,-0.75,40.0,1.0,0.025,0.4385169006426677,-0.0138497677506814,0.04945925130081186,0.10807466406983517,0.0014171309011251504,0.0,0.075,0.0184975
L5,fixed,10.0,-0.5,40.0,1.0,0.025,0.4385169006426677,-0.0138497677506814,0.04945925130081186,0.10807466406983517,0.0014171309011251504,0.0,0.1,0.0203125
L5,fixed,10.0,-0.25,40.0,6.0,0.15,0.4385169006426677,-0.0138497677506814,0.04945925130081186,0.10807466406983517,0.0014171309011251504,0.025,0.25,0.0497025
L5,fixed,10.0,0.0,40.0,,0.5,0.4385169006426677,-0.0138497677506814,0.04945925130081186,0.10807466406983517,0.0014171309011251504,0.35,0.7,
L5,fixed,10.0,0.25,40.0,35.0,0.875,0.4385169006426677,-0.0138497677506814,0.04945925130081186,0.10807466406983517,0.0014171309011251504,0.75,0.975,0.04655
L5,fixed,10.0,0.5,40.0,37.0,0.925,0.4385169006426677,-0.0138497677506814,0.04945925130081186,0.10807466406983517,0.0014171309011251504,0.9,1.0,0.0449325
L5,fixed,10.0,0.75,40.0,40.0,1.0,0.4385169006426677,-0.0138497677506814,0.04945925130081186,0.10807466406983517,0.0014171309011251504,0.9,1.0,0.0284425
L5,fixed,10.0,1.0,40.0,38.0,0.95,0.4385169006426677,-0.0138497677506814,0.04945925130081186,0.10807466406983517,0.0014171309011251504,0.9,1.0,0.0290775
L5,roved,2.0,-1.0,40.0,0.0,0.0,0.36573828330805785,-0.011641687681800666,0.07968870887748049,0.05443488184448222,0.03466915120992422,0.0,0.1,0.030125000000000002
L5,roved,2.0,-0.75,40.0,0.0,0.0,0.36573828330805785,-0.011641687681800666,0.07968870887748049,0.05443488184448222,0.03466915120992422,0.0,0.1,0.0343525
L5,roved,2.0,-0.5,40.0,3.0,0.075,0.36573828330805785,-0.011641687681800666,0.07968870887748049,0.05443488184448222,0.03466915120992422,0.0,0.15,0.0332025
L5,roved,2.0,-0.25,40.0,5.0,0.125,0.36573828330805785,-0.011641687681800666,0.07968870887748049,0.05443488184448222,0.03466915120992422,0.075,0.35,0.09459
L5,roved,2.0,0.0,40.0,,0.625,0.36573828330805785,-0.011641687681800666,0.07968870887748049,0.05443488184448222,0.03466915120992422,0.35,0.675,
L5,roved,2.0,0.25,40.0,35.0,0.875,0.36573828330805785,-0.011641687681800666,0.07968870887748049,0.05443488184448222,0.03466915120992422,0.65,0.9,0.094525
L5,roved,2.0,0.5,40.0,38.0,0.95,0.36573828330805785,-0.011641687681800666,0.07968870887748049,0.05443488184448222,0.03466915120992422,0.825,1.0,0.04436
L5,roved,2.0,0.75,40.0,36.0,0.9,0.36573828330805785,-0.011641687681800666,0.07968870887748049,0.05443488184448222,0.03466915120992422,0.85,1.0,0.05064
L5,roved,2.0,1.0,40.0,38.0,0.95,0.36573828330805785,-0.011641687681800666,0.07968870887748049,0.05443488184448222,0.03466915120992422,0.875,1.0,0.02857
L5,roved,5.0,-1.0,40.0,1.0,0.025,0.36573828330805785,-0.011641687681800666,0.07968870887748049,0.05443488184448222,0.03466915120992422,0.0,0.125,0.02559
L5,roved,5.0,-0.75,40.0,4.0,0.1,0.36573828330805785,-0.011641687681800666,0.07968870887748049,0.05443488184448222,0.03466915120992422,0.0,0.15,0.04232
L5,roved,5.0,-0.5,40.0,5.0,0.125,0.36573828330805785,-0.011641687681800666,0.07968870887748049,0.05443488184448222,0.03466915120992422,0.05,0.275,0.048870000000000004
L5,roved,5.0,-0.25,40.0,13.0,0.325,0.36573828330805785,-0.011641687681800666,0.07968870887748049,0.05443488184448222,0.03466915120992422,0.15,0.45,0.0648
L5,roved,5.0,0.0,40.0,,0.475,0.36573828330805785,-0.011641687681800666,0.07968870887748049,0.05443488184448222,0.03466915120992422,0.35,0.65,
L5,roved,5.0,0.25,40.0,29.0,0.725,0.36573828330805785,-0.011641687681800666,0.07968870887748049,0.05443488184448222,0.03466915120992422,0.55,0.85,0.062895
L5,roved,5.0,0.5,40.0,32.0,0.8,0.36573828330805785,-0.011641687681800666,0.07968870887748049,0.05443488184448222,0.03466915120992422,0.725,0.95,0.05928750000000001
L5,roved,5.0,0.75,40.0,37.0,0.925,0.36573828330805785,-0.011641687681800666,0.07968870887748049,0.05443488184448222,0.03466915120992422,0.825,1.0,0.036407499999999995
L5,roved,5.0,1.0,40.0,37.0,0.925,0.36573828330805785,-0.011641687681800666,0.07968870887748049,0.05443488184448222,0.03466915120992422,0.85,1.0,0.033557500000000004
L5,roved,10.0,-1.0,40.0,4.0,0.1,0.36573828330805785,-0.011641687681800666,0.07968870887748049,0.05443488184448222,0.03466915120992422,0.0,0.175,0.040600000000000004
L5,roved,10.0,-0.75,40.0,7.0,0.175,0.36573828330805785,-0.011641687681800666,0.07968870887748049,0.05443488184448222,0.03466915120992422,0.025,0.25,0.058787500000000006
L5,roved,10.0,-0.5,40.0,6.0,0.15,0.36573828330805785,-0.011641687681800666,0.07968870887748049,0.05443488184448222,0.03466915120992422,0.1,0.35,0.07875750000000001
L5,roved,10.0,-0.25,40.0,13.0,0.325,0.36573828330805785,-0.011641687681800666,0.07968870887748049,0.05443488184448222,0.03466915120992422,0.2,0.5,0.062375
L5,roved,10.0,0.0,40.0,,0.45,0.36573828330805785,-0.011641687681800666,0.07968870887748049,0.05443488184448222,0.03466915120992422,0.35,0.65,
L5,roved,10.0,0.25,40.0,20.0,0.5,0.36573828330805785,-0.011641687681800666,0.07968870887748049,0.05443488184448222,0.03466915120992422,0.5,0.8,0.1465175
L5,roved,10.0,0.5,40.0,29.0,0.725,0.36573828330805785,-0.011641687681800666,0.07968870887748049,0.05443488184448222,0.03466915120992422,0.625,0.9,0.06648
L5,roved,10.0,0.75,40.0,35.0,0.875,0.36573828330805785,-0.011641687681800666,0.07968870887748049,0.05443488184448222,0.03466915120992422,0.725,0.95,0.046855
L5,roved,10.0,1.0,40.0,37.0,0.925,0.36573828330805785,-0.011641687681800666,0.07968870887748049,0.05443488184448222,0.03466915120992422,0.8,0.975,0.0389375
L6,fixed,2.0,-1.0,40.0,0.0,0.0,0.7350287141480355,-0.06431012523201211,0.020654584553551538,0.03179401524638707,0.003553341530744402,0.0,0.075,0.0164225
L6,fixed,2.0,-0.75,40.0,0.0,0.0,0.7350287141480355,-0.06431012523201211,0.020654584553551538,0.03179401524638707,0.003553341530744402,0.0,0.075,0.016055
L6,fixed,2.0,-0.5,40.0,0.0,0.0,0.7350287141480355,-0.06431012523201211,0.020654584553551538,0.03179401524638707,0.003553341530744402,0.0,0.075,0.016434999999999998
L6,fixed,2.0,-0.25,40.0,0.0,0.0,0.7350287141480355,-0.06431012523201211,0.020654584553551538,0.03179401524638707,0.003553341530744402,0.0,0.15,0.05086500000000001
L6,fixed,2.0,0.0,40.0,,0.625,0.7350287141480355,-0.06431012523201211,0.020654584553551538,0.03179401524638707,0.003553341530744402,0.525,0.925,
L6,fixed,2.0,0.25,40.0,39.0,0.975,0.7350287141480355,-0.06431012523201211,0.020654584553551538,0.03179401524638707,0.003553341530744402,0.95,1.0,0.01966
L6,fixed,2.0,0.5,40.0,40.0,1.0,0.7350287141480355,-0.06431012523201211,0.020654584553551538,0.03179401524638707,0.003553341530744402,0.95,1.0,0.005955
L6,fixed,2.0,0.75,40.0,40.0,1.0,0.7350287141480355,-0.06431012523201211,0.020654584553551538,0.03179401524638707,0.003553341530744402,0.95,1.0,0.0062025
L6,fixed,2.0,1.0,40.0,40.0,1.0,0.7350287141480355,-0.06431012523201211,0.020654584553551538,0.03179401524638707,0.003553341530744402,0.95,1.0,0.006085
L6,fixed,5.0,-1.0,40.0,1.0,0.025,0.7350287141480355,-0.06431012523201211,0.020654584553551538,0.03179401524638707,0.003553341530744402,0.0,0.075,0.0183025
L6,fixed,5.0,-0.75,40.0,0.0,0.0,0.7350287141480355,-0.06431012523201211,0.020654584553551538,0.03179401524638707,0.003553341530744402,0.0,0.075,0.016264999999999998
L6,fixed,5.0,-0.5,40.0,0.0,0.0,0.7350287141480355,-0.06431012523201211,0.020654584553551538,0.03179401524638707,0.003553341530744402,0.0,0.075,0.017904999999999997
L6,fixed,5.0,-0.25,40.0,2.0,0.05,0.7350287141480355,-0.06431012523201211,0.020654584553551538,0.03179401524638707,0.003553341530744402,0.025,0.25,0.069555
L6,fixed,5.0,0.0,40.0,,0.6,0.7350287141480355,-0.06431012523201211,0.020654584553551538,0.03179401524638707,0.003553341530744402,0.475,0.85,
L6,fixed,5.0,0.25,40.0,40.0,1.0,0.7350287141480355,-0.06431012523201211,0.020654584553551538,0.03179401524638707,0.003553341530744402,0.9,1.0,0.0236
L6,fixed,5.0,0.5,40.0,40.0,1.0,0.7350287141480355,-0.06431012523201211,0.020654584553551538,0.03179401524638707,0.003553341530744402,0.95,1.0,0.0063225
L6,fixed,5.0,0.75,40.0,40.0,1.0,0.7350287141480355,-0.06431012523201211,0.020654584553551538,0.03179401524638707,0.003553341530744402,0.95,1.0,0.0059700000000000005
L6,fixed,5.0,1.0,40.0,40.0,1.0,0.7350287141480355,-0.06431012523201211,0.020654584553551538,0.03179401524638707,0.003553341530744402,0.95,1.0,0.006185
L6,fixed,10.0,-1.0,40.0,0.0,0.0,0.7350287141480355,-0.06431012523201211,0.020654584553551538,0.03179401524638707,0.003553341530744402,0.0,0.075,0.016245000000000002
L6,fixed,10.0,-0.75,40.0,0.0,0.0,0.7350287141480355,-0.06431012523201211,0.020654584553551538,0.03179401524638707,0.003553341530744402,0.0,0.075,0.017075
L6,fixed,10.0,-0.5,40.0,0.0,0.0,0.7350287141480355,-0.06431012523201211,0.020654584553551538,0.03179401524638707,0.003553341530744402,0.0,0.1,0.0304125
L6,fixed,10.0,-0.25,40.0,3.0,0.075,0.7350287141480355,-0.06431012523201211,0.020654584553551538,0.03179401524638707,0.003553341530744402,0.075,0.325,0.111595
L6,fixed,10.0,0.0,40.0,,0.5,0.7350287141480355,-0.06431012523201211,0.020654584553551538,0.03179401524638707,0.003553341530744402,0.45,0.8,
L6,fixed,10.0,0.25,40.0,39.0,0.975,0.7350287141480355,-0.06431012523201211,0.020654584553551538,0.03179401524638707,0.003553341530744402,0.825,1.0,0.043015
L6,fixed,10.0,0.5,40.0,40.0,1.0,0.7350287141480355,-0.06431012523201211,0.020654584553551538,0.03179401524638707,0.003553341530744402,0.95,1.0,0.00935
L6,fixed,10.0,0.75,40.0,40.0,1.0,0.7350287141480355,-0.06431012523201211,0.020654584553551538,0.03179401524638707,0.003553341530744402,0.95,1.0,0.005965
L6,fixed,10.0,1.0,40.0,40.0,1.0,0.7350287141480355,-0.06431012523201211,0.020654584553551538,0.03179401524638707,0.003553341530744402,0.95,1.0,0.00612
L6,roved,2.0,-1.0,40.0,3.0,0.075,0.6719301293952096,-0.06210204516313129,0.03390665153399827,0.016013961072138604,0.08693010273932611,0.0,0.125,0.040857500000000005
L6,roved,2.0,-0.75,40.0,7.0,0.175,0.6719301293952096,-0.06210204516313129,0.03390665153399827,0.016013961072138604,0.08693010273932611,0.0,0.175,0.0965175
L6,roved,2.0,-0.5,40.0,5.0,0.125,0.6719301293952096,-0.06210204516313129,0.03390665153399827,0.016013961072138604,0.08693010273932611,0.05,0.3,0.06259
L6,roved,2.0,-0.25,40.0,8.0,0.2,0.6719301293952096,-0.06210204516313129,0.03390665153399827,0.016013961072138604,0.08693010273932611,0.2,0.5,0.1446925
L6,roved,2.0,0.0,40.0,,0.525,0.6719301293952096,-0.06210204516313129,0.03390665153399827,0.016013961072138604,0.08693010273932611,0.4,0.725,
L6,roved,2.0,0.25,40.0,36.0,0.9,0.6719301293952096,-0.06210204516313129,0.03390665153399827,0.016013961072138604,0.08693010273932611,0.625,0.9,0.13733
L6,roved,2.0,0.5,40.0,37.0,0.925,0.6719301293952096,-0.06210204516313129,0.03390665153399827,0.016013961072138604,0.08693010273932611,0.775,0.975,0.04446
L6,roved,2.0,0.75,40.0,36.0,0.9,0.6719301293952096,-0.06210204516313129,0.03390665153399827,0.016013961072138604,0.08693010273932611,0.875,1.0,0.0604975
L6,roved,2.0,1.0,40.0,37.0,0.925,0.6719301293952096,-0.06210204516313129,0.03390665153399827,0.016013961072138604,0.08693010273932611,0.925,1.0,0.056242499999999994
L6,roved,5.0,-1.0,40.0,8.0,0.2,0.6719301293952096,-0.06210204516313129,0.03390665153399827,0.016013961072138604,0.08693010273932611,0.025,0.2,0.098455
L6,roved,5.0,-0.75,40.0,5.0,0.125,0.6719301293952096,-0.06210204516313129,0.03390665153399827,0.016013961072138604,0.08693010273932611,0.05,0.3,0.0611675
L6,roved,5.0,-0.5,40.0,13.0,0.325,0.6719301293952096,-0.06210204516313129,0.03390665153399827,0.016013961072138604,0.08693010273932611,0.125,0.425,0.07377500000000001
L6,roved,5.0,-0.25,40.0,11.0,0.275,0.6719301293952096,-0.06210204516313129,0.03390665153399827,0.016013961072138604,0.08693010273932611,0.25,0.55,0.1282275
L6,roved,5.0,0.0,40.0,,0.525,0.6719301293952096,-0.06210204516313129,0.03390665153399827,0.016013961072138604,0.08693010273932611,0.375,0.7,
L6,roved,5.0,0.25,40.0,33.0,0.825,0.6719301293952096,-0.06210204516313129,0.03390665153399827,0.016013961072138604,0.08693010273932611,0.525,0.825,0.146265
L6,roved,5.0,0.5,40.0,35.0,0.875,0.6719301293952096,-0.06210204516313129,0.03390665153399827,0.016013961072138604,0.08693010273932611,0.65,0.925,0.08478250000000001
L6,roved,5.0,0.75,40.0,35.0,0.875,0.6719301293952096,-0.06210204516313129,0.03390665153399827,0.016013961072138604,0.08693010273932611,0.775,0.975,0.04345
L6,roved,5.0,1.0,40.0,36.0,0.9,0.6719301293952096,-0.06210204516313129,0.03390665153399827,0.016013961072138604,0.08693010273932611,0.85,1.0,0.044677499999999995
L6,roved,10.0,-1.0,40.0,16.0,0.4,0.6719301293952096,-0.06210204516313129,0.03390665153399827,0.016013961072138604,0.08693010273932611,0.075,0.3,0.22157749999999998
L6,roved,10.0,-0.75,40.0,15.0,0.375,0.6719301293952096,-0.06210204516313129,0.03390665153399827,0.016013961072138604,0.08693010273932611,0.125,0.4,0.12947
L6,roved,10.0,-0.5,40.0,20.0,0.5,0.6719301293952096,-0.06210204516313129,0.03390665153399827,0.016013961072138604,0.08693010273932611,0.2,0.475,0.1667075
L6,roved,10.0,-0.25,40.0,19.0,0.475,0.6719301293952096,-0.06210204516313129,0.03390665153399827,0.016013961072138604,0.08693010273932611,0.275,0.575,0.07303
L6,roved,10.0,0.0,40.0,,0.625,0.6719301293952096,-0.06210204516313129,0.03390665153399827,0.016013961072138604,0.08693010273932611,0.375,0.675,
L6,roved,10.0,0.25,40.0,35.0,0.875,0.6719301293952096,-0.06210204516313129,0.03390665153399827,0.016013961072138604,0.08693010273932611,0.475,0.775,0.2427025
L6,roved,10.0,0.5,40.0,29.0,0.725,0.6719301293952096,-0.06210204516313129,0.03390665153399827,0.016013961072138604,0.08693010273932611,0.575,0.85,0.05767750000000001
L6,roved,10.0,0.75,40.0,32.0,0.8,0.6719301293952096,-0.06210204516313129,0.03390665153399827,0.016013961072138604,0.08693010273932611,0.675,0.925,0.0524925
L6,roved,10.0,1.0,40.0,36.0,0.9,0.6719301293952096,-0.06210204516313129,0.03390665153399827,0.016013961072138604,0.08693010273932611,0.75,0.95,0.0521625
L7,fixed,2.0,-1.0,40.0,0.0,0.0,0.5000163592719292,-0.005620998138556175,0.1040074165984777,0.1813849062875281,0.0023156170144535593,0.0,0.125,0.052937500000000005
L7,fixed,2.0,-0.75,40.0,0.0,0.0,0.5000163592719292,-0.005620998138556175,0.1040074165984777,0.1813849062875281,0.0023156170144535593,0.0,0.15,0.0557325
L7,fixed,2.0,-0.5,40.0,0.0,0.0,0.5000163592719292,-0.005620998138556175,0.1040074165984777,0.1813849062875281,0.0023156170144535593,0.0,0.175,0.08342000000000001
L7,fixed,2.0,-0.25,40.0,8.0,0.2,0.5000163592719292,-0.005620998138556175,0.1040074165984777,0.1813849062875281,0.0023156170144535593,0.075,0.35,0.056357500000000005
L7,fixed,2.0,0.0,40.0,,0.7,0.5000163592719292,-0.005620998138556175,0.1040074165984777,0.1813849062875281,0.0023156170144535593,0.325,0.675,
L7,fixed,2.0,0.25,40.0,31.0,0.775,0.5000163592719292,-0.005620998138556175,0.1040074165984777,0.1813849062875281,0.0023156170144535593,0.65,0.925,0.0583175
L7,fixed,2.0,0.5,40.0,38.0,0.95,0.5000163592719292,-0.005620998138556175,0.1040074165984777,0.1813849062875281,0.0023156170144535593,0.825,1.0,0.04217
L7,fixed,2.0,0.75,40.0,40.0,1.0,0.5000163592719292,-0.005620998138556175,0.1040074165984777,0.1813849062875281,0.0023156170144535593,0.85,1.0,0.056072500000000004
L7,fixed,2.0,1.0,40.0,39.0,0.975,0.5000163592719292,-0.005620998138556175,0.1040074165984777,0.1813849062875281,0.0023156170144535593,0.875,1.0,0.03399
L7,fixed,5.0,-1.0,40.0,8.0,0.2,0.5000163592719292,-0.005620998138556175,0.1040074165984777,0.1813849062875281,0.0023156170144535593,0.0,0.125,0.14726
L7,fixed,5.0,-0.75,40.0,6.0,0.15,0.5000163592719292,-0.005620998138556175,0.1040074165984777,0.1813849062875281,0.0023156170144535593,0.0,0.15,0.0933625
L7,fixed,5.0,-0.5,40.0,5.0,0.125,0.5000163592719292,-0.005620998138556175,0.1040074165984777,0.1813849062875281,0.0023156170144535593,0.0,0.2,0.049495
L7,fixed,5.0,-0.25,40.0,13.0,0.325,0.5000163592719292,-0.005620998138556175,0.1040074165984777,0.1813849062875281,0.0023156170144535593,0.1,0.375,0.107335
L7,fixed,5.0,0.0,40.0,,0.7,0.5000163592719292,-0.005620998138556175,0.1040074165984777,0.1813849062875281,0.0023156170144535593,0.325,0.675,
L7,fixed,5.0,0.25,40.0,27.0,0.675,0.5000163592719292,-0.005620998138556175,0.1040074165984777,0.1813849062875281,0.0023156170144535593,0.625,0.9,0.1126675
L7,fixed,5.0,0.5,40.0,32.0,0.8,0.5000163592719292,-0.005620998138556175,0.1040074165984777,0.1813849062875281,0.0023156170144535593,0.8,1.0,0.11315249999999999
L7,fixed,5.0,0.75,40.0,33.0,0.825,0.5000163592719292,-0.005620998138556175,0.1040074165984777,0.1813849062875281,0.0023156170144535593,0.85,1.0,0.1179675
L7,fixed,5.0,1.0,40.0,32.0,0.8,0.5000163592719292,-0.005620998138556175,0.1040074165984777,0.1813849062875281,0.0023156170144535593,0.85,1.0,0.14693499999999998
L7,fixed,10.0,-1.0,40.0,0.0,0.0,0.5000163592719292,-0.005620998138556175,0.1040074165984777,0.1813849062875281,0.0023156170144535593,0.0,0.125,0.053322499999999995
L7,fixed,10.0,-0.75,40.0,1.0,0.025,0.5000163592719292,-0.005620998138556175,0.1040074165984777,0.1813849062875281,0.0023156170144535593,0.0,0.15,0.039322499999999996
L7,fixed,10.0,-0.5,40.0,1.0,0.025,0.5000163592719292,-0.005620998138556175,0.1040074165984777,0.1813849062875281,0.0023156170144535593,0.025,0.2,0.0762
L7,fixed,10.0,-0.25,40.0,9.0,0.225,0.5000163592719292,-0.005620998138556175,0.1040074165984777,0.1813849062875281,0.0023156170144535593,0.1,0.4,0.0575175
L7,fixed,10.0,0.0,40.0,,0.6,0.5000163592719292,-0.005620998138556175,0.1040074165984777,0.1813849062875281,0.0023156170144535593,0.35,0.675,
L7,fixed,10.0,0.25,40.0,35.0,0.875,0.5000163592719292,-0.005620998138556175,0.1040074165984777,0.1813849062875281,0.0023156170144535593,0.625,0.9,0.1098625
L7,fixed,10.0,0.5,40.0,39.0,0.975,0.5000163592719292,-0.005620998138556175,0.1040074165984777,0.1813849062875281,0.0023156170144535593,0.8,0.975,0.0742125
L7,fixed,10.0,0.75,40.0,40.0,1.0,0.5000163592719292,-0.005620998138556175,0.1040074165984777,0.1813849062875281,0.0023156170144535593,0.85,1.0,0.060105
L7,fixed,10.0,1.0,40.0,40.0,1.0,0.5000163592719292,-0.005620998138556175,0.1040074165984777,0.1813849062875281,0.0023156170144535593,0.85,1.0,0.053525
L7,roved,2.0,-1.0,40.0,3.0,0.075,0.42475221373318456,-0.0034129180696755115,0.16189816536836985,0.0913596727513696,0.05665000767016399,0.0,0.175,0.034615
L7,roved,2.0,-0.75,40.0,4.0,0.1,0.42475221373318456,-0.0034129180696755115,0.16189816536836985,0.0913596727513696,0.05665000767016399,0.0,0.2,0.037785
L7,roved,2.0,-0.5,40.0,7.0,0.175,0.42475221373318456,-0.0034129180696755115,0.16189816536836985,0.0913596727513696,0.05665000767016399,0.05,0.275,0.05245
L7,roved,2.0,-0.25,40.0,14.0,0.35,0.42475221373318456,-0.0034129180696755115,0.16189816536836985,0.0913596727513696,0.05665000767016399,0.15,0.425,0.0835625
L7,roved,2.0,0.0,40.0,,0.625,0.42475221373318456,-0.0034129180696755115,0.16189816536836985,0.0913596727513696,0.05665000767016399,0.325,0.65,
L7,roved,2.0,0.25,40.0,27.0,0.675,0.42475221373318456,-0.0034129180696755115,0.16189816536836985,0.0913596727513696,0.05665000767016399,0.55,0.85,0.06297749999999999
L7,roved,2.0,0.5,40.0,35.0,0.875,0.42475221373318456,-0.0034129180696755115,0.16189816536836985,0.0913596727513696,0.05665000767016399,0.7,0.95,0.059987500000000006
L7,roved,2.0,0.75,40.0,40.0,1.0,0.42475221373318456,-0.0034129180696755115,0.16189816536836985,0.0913596727513696,0.05665000767016399,0.775,0.975,0.11408750000000001
L7,roved,2.0,1.0,40.0,35.0,0.875,0.42475221373318456,-0.0034129180696755115,0.16189816536836985,0.0913596727513696,0.05665000767016399,0.8,0.975,0.0469275
L7,roved,5.0,-1.0,40.0,3.0,0.075,0.42475221373318456,-0.0034129180696755115,0.16189816536836985,0.0913596727513696,0.05665000767016399,0.025,0.2,0.0431925
L7,roved,5.0,-0.75,40.0,6.0,0.15,0.42475221373318456,-0.0034129180696755115,0.16189816536836985,0.0913596727513696,0.05665000767016399,0.05,0.275,0.046425
L7,roved,5.0,-0.5,40.0,4.0,0.1,0.42475221373318456,-0.0034129180696755115,0.16189816536836985,0.0913596727513696,0.05665000767016399,0.1,0.375,0.127
L7,roved,5.0,-0.25,40.0,13.0,0.325,0.42475221373318456,-0.0034129180696755115,0.16189816536836985,0.0913596727513696,0.05665000767016399,0.2,0.5,0.0626875
L7,roved,5.0,0.0,40.0,,0.65,0.42475221373318456,-0.0034129180696755115,0.16189816536836985,0.0913596727513696,0.05665000767016399,0.325,0.65,
L7,roved,5.0,0.25,40.0,23.0,0.575,0.42475221373318456,-0.0034129180696755115,0.16189816536836985,0.0913596727513696,0.05665000767016399,0.475,0.775,0.079565
L7,roved,5.0,0.5,40.0,32.0,0.8,0.42475221373318456,-0.0034129180696755115,0.16189816536836985,0.0913596727513696,0.05665000767016399,0.6,0.875,0.06709000000000001
L7,roved,5.0,0.75,40.0,34.0,0.85,0.42475221373318456,-0.0034129180696755115,0.16189816536836985,0.0913596727513696,0.05665000767016399,0.7,0.95,0.0497
L7,roved,5.0,1.0,40.0,35.0,0.875,0.42475221373318456,-0.0034129180696755115,0.16189816536836985,0.0913596727513696,0.05665000767016399,0.75,0.975,0.043565
L7,roved,10.0,-1.0,40.0,5.0,0.125,0.42475221373318456,-0.0034129180696755115,0.16189816536836985,0.0913596727513696,0.05665000767016399,0.05,0.275,0.051149999999999994
L7,roved,10.0,-0.75,40.0,9.0,0.225,0.42475221373318456,-0.0034129180696755115,0.16189816536836985,0.0913596727513696,0.05665000767016399,0.1,0.35,0.0547875
L7,roved,10.0,-0.5,40.0,16.0,0.4,0.42475221373318456,-0.0034129180696755115,0.16189816536836985,0.0913596727513696,0.05665000767016399,0.15,0.425,0.11787
L7,roved,10.0,-0.25,40.0,17.0,0.425,0.42475221373318456,-0.0034129180696755115,0.16189816536836985,0.0913596727513696,0.05665000767016399,0.225,0.55,0.0708375
L7,roved,10.0,0.0,40.0,,0.375,0.42475221373318456,-0.0034129180696755115,0.16189816536836985,0.0913596727513696,0.05665000767016399,0.325,0.65,
L7,roved,10.0,0.25,40.0,22.0,0.55,0.42475221373318456,-0.0034129180696755115,0.16189816536836985,0.0913596727513696,0.05665000767016399,0.45,0.75,0.07351250000000001
L7,roved,10.0,0.5,40.0,28.0,0.7,0.42475221373318456,-0.0034129180696755115,0.16189816536836985,0.0913596727513696,0.05665000767016399,0.55,0.825,0.059487500000000006
L7,roved,10.0,0.75,40.0,28.0,0.7,0.42475221373318456,-0.0034129180696755115,0.16189816536836985,0.0913596727513696,0.05665000767016399,0.625,0.9,0.08174000000000001
L7,roved,10.0,1.0,40.0,31.0,0.775,0.42475221373318456,-0.0034129180696755115,0.16189816536836985,0.0913596727513696,0.05665000767016399,0.7,0.95,0.066775
L8,fixed,2.0,-1.0,40.0,0.0,0.0,0.5832334065266159,0.0031233464534914657,0.010965697058411411,0.09691310333541969,0.00043033230167587396,0.0,0.05,0.006515
L8,fixed,2.0,-0.75,40.0,0.0,0.0,0.5832334065266159,0.0031233464534914657,0.010965697058411411,0.09691310333541969,0.00043033230167587396,0.0,0.05,0.0064225
L8,fixed,2.0,-0.5,40.0,0.0,0.0,0.5832334065266159,0.0031233464534914657,0.010965697058411411,0.09691310333541969,0.00043033230167587396,0.0,0.05,0.006795
L8,fixed,2.0,-0.25,40.0,4.0,0.1,0.5832334065266159,0.0031233464534914657,0.010965697058411411,0.09691310333541969,0.00043033230167587396,0.0,0.125,0.0585225
L8,fixed,2.0,0.0,40.0,,0.4,0.5832334065266159,0.0031233464534914657,0.010965697058411411,0.09691310333541969,0.00043033230167587396,0.3,0.675,
L8,fixed,2.0,0.25,40.0,40.0,1.0,0.5832334065266159,0.0031233464534914657,0.010965697058411411,0.09691310333541969,0.00043033230167587396,0.85,1.0,0.047275
L8,fixed,2.0,0.5,40.0,40.0,1.0,0.5832334065266159,0.0031233464534914657,0.010965697058411411,0.09691310333541969,0.00043033230167587396,0.975,1.0,0.0054375
L8,fixed,2.0,0.75,40.0,40.0,1.0,0.5832334065266159,0.0031233464534914657,0.010965697058411411,0.09691310333541969,0.00043033230167587396,0.975,1.0,0.004635
L8,fixed,2.0,1.0,40.0,40.0,1.0,0.5832334065266159,0.0031233464534914657,0.010965697058411411,0.09691310333541969,0.00043033230167587396,0.975,1.0,0.00461
L8,fixed,5.0,-1.0,40.0,0.0,0.0,0.5832334065266159,0.0031233464534914657,0.010965697058411411,0.09691310333541969,0.00043033230167587396,0.0,0.05,0.006645
L8,fixed,5.0,-0.75,40.0,0.0,0.0,0.5832334065266159,0.0031233464534914657,0.010965697058411411,0.09691310333541969,0.00043033230167587396,0.0,0.05,0.0067425
L8,fixed,5.0,-0.5,40.0,0.0,0.0,0.5832334065266159,0.0031233464534914657,0.010965697058411411,0.09691310333541969,0.00043033230167587396,0.0,0.05,0.007255
L8,fixed,5.0,-0.25,40.0,2.0,0.05,0.5832334065266159,0.0031233464534914657,0.010965697058411411,0.09691310333541969,0.00043033230167587396,0.0,0.125,0.02923
L8,fixed,5.0,0.0,40.0,,0.6,0.5832334065266159,0.0031233464534914657,0.010965697058411411,0.09691310333541969,0.00043033230167587396,0.3,0.675,
L8,fixed,5.0,0.25,40.0,40.0,1.0,0.5832334065266159,0.0031233464534914657,0.010965697058411411,0.09691310333541969,0.00043033230167587396,0.85,1.0,0.0511575
L8,fixed,5.0,0.5,40.0,39.0,0.975,0.5832334065266159,0.0031233464534914657,0.010965697058411411,0.09691310333541969,0.00043033230167587396,0.975,1.0,0.0207525
L8,fixed,5.0,0.75,40.0,40.0,1.0,0.5832334065266159,0.0031233464534914657,0.010965697058411411,0.09691310333541969,0.00043033230167587396,0.975,1.0,0.0050025
L8,fixed,5.0,1.0,40.0,40.0,1.0,0.5832334065266159,0.0031233464534914657,0.010965697058411411,0.09691310333541969,0.00043033230167587396,0.975,1.0,0.004875
L8,fixed,10.0,-1.0,40.0,0.0,0.0,0.5832334065266159,0.0031233464534914657,0.010965697058411411,0.09691310333541969,0.00043033230167587396,0.0,0.05,0.006615
L8,fixed,10.0,-0.75,40.0,0.0,0.0,0.5832334065266159,0.0031233464534914657,0.010965697058411411,0.09691310333541969,0.00043033230167587396,0.0,0.05,0.006465
L8,fixed,10.0,-0.5,40.0,0.0,0.0,0.5832334065266159,0.0031233464534914657,0.010965697058411411,0.09691310333541969,0.00043033230167587396,0.0,0.05,0.007392500000000001
L8,fixed,10.0,-0.25,40.0,5.0,0.125,0.5832334065266159,0.0031233464534914657,0.010965697058411411,0.09691310333541969,0.00043033230167587396,0.0,0.15,0.070155
L8,fixed,10.0,0.0,40.0,,0.3,0.5832334065266159,0.0031233464534914657,0.010965697058411411,0.09691310333541969,0.00043033230167587396,0.325,0.675,
L8,fixed,10.0,0.25,40.0,39.0,0.975,0.5832334065266159,0.0031233464534914657,0.010965697058411411,0.09691310333541969,0.00043033230167587396,0.85,1.0,0.0406275
L8,fixed,10.0,0.5,40.0,40.0,1.0,0.5832334065266159,0.0031233464534914657,0.010965697058411411,0.09691310333541969,0.00043033230167587396,0.975,1.0,0.00583
L8,fixed,10.0,0.75,40.0,40.0,1.0,0.5832334065266159,0.0031233464534914657,0.010965697058411411,0.09691310333541969,0.00043033230167587396,0.975,1.0,0.0048575
L8,fixed,10.0,1.0,40.0,40.0,1.0,0.5832334065266159,0.0031233464534914657,0.010965697058411411,0.09691310333541969,0.00043033230167587396,0.975,1.0,0.0049125
L8,roved,2.0,-1.0,40.0,0.0,0.0,0.5081744660613539,0.00533142652237212,0.018116327743782967,0.04881304396964817,0.010527789370389397,0.0,0.05,0.009405
L8,roved,2.0,-0.75,40.0,0.0,0.0,0.5081744660613539,0.00533142652237212,0.018116327743782967,0.04881304396964817,0.010527789370389397,0.0,0.05,0.00987
L8,roved,2.0,-0.5,40.0,1.0,0.025,0.5081744660613539,0.00533142652237212,0.018116327743782967,0.04881304396964817,0.010527789370389397,0.0,0.05,0.018375
L8,roved,2.0,-0.25,40.0,2.0,0.05,0.5081744660613539,0.00533142652237212,0.018116327743782967,0.04881304396964817,0.010527789370389397,0.0,0.175,0.0386475
L8,roved,2.0,0.0,40.0,,0.625,0.5081744660613539,0.00533142652237212,0.018116327743782967,0.04881304396964817,0.010527789370389397,0.325,0.675,
L8,roved,2.0,0.25,40.0,34.0,0.85,0.5081744660613539,0.00533142652237212,0.018116327743782967,0.04881304396964817,0.010527789370389397,0.825,1.0,0.0746725
L8,roved,2.0,0.5,40.0,40.0,1.0,0.5081744660613539,0.00533142652237212,0.018116327743782967,0.04881304396964817,0.010527789370389397,0.95,1.0,0.010929999999999999
L8,roved,2.0,0.75,40.0,40.0,1.0,0.5081744660613539,0.00533142652237212,0.018116327743782967,0.04881304396964817,0.010527789370389397,0.95,1.0,0.00934
L8,roved,2.0,1.0,40.0,39.0,0.975,0.5081744660613539,0.00533142652237212,0.018116327743782967,0.04881304396964817,0.010527789370389397,0.95,1.0,0.01901
L8,roved,5.0,-1.0,40.0,0.0,0.0,0.5081744660613539,0.00533142652237212,0.018116327743782967,0.04881304396964817,0.010527789370389397,0.0,0.05,0.0098
L8,roved,5.0,-0.75,40.0,0.0,0.0,0.5081744660613539,0.00533142652237212,0.018116327743782967,0.04881304396964817,0.010527789370389397,0.0,0.05,0.0110625
L8,roved,5.0,-0.5,40.0,0.0,0.0,0.5081744660613539,0.00533142652237212,0.018116327743782967,0.04881304396964817,0.010527789370389397,0.0,0.1,0.03023
L8,roved,5.0,-0.25,40.0,3.0,0.075,0.5081744660613539,0.00533142652237212,0.018116327743782967,0.04881304396964817,0.010527789370389397,0.05,0.3,0.08513
L8,roved,5.0,0.0,40.0,,0.375,0.5081744660613539,0.00533142652237212,0.018116327743782967,0.04881304396964817,0.010527789370389397,0.325,0.65,
L8,roved,5.0,0.25,40.0,30.0,0.75,0.5081744660613539,0.00533142652237212,0.018116327743782967,0.04881304396964817,0.010527789370389397,0.7,0.95,0.0917425
L8,roved,5.0,0.5,40.0,39.0,0.975,0.5081744660613539,0.00533142652237212,0.018116327743782967,0.04881304396964817,0.010527789370389397,0.9,1.0,0.0209225
L8,roved,5.0,0.75,40.0,40.0,1.0,0.5081744660613539,0.00533142652237212,0.018116327743782967,0.04881304396964817,0.010527789370389397,0.95,1.0,0.01064
L8,roved,5.0,1.0,40.0,39.0,0.975,0.5081744660613539,0.00533142652237212,0.018116327743782967,0.04881304396964817,0.010527789370389397,0.95,1.0,0.019115
L8,roved,10.0,-1.0,40.0,2.0,0.05,0.5081744660613539,0.00533142652237212,0.018116327743782967,0.04881304396964817,0.010527789370389397,0.0,0.05,0.0392225
L8,roved,10.0,-0.75,40.0,1.0,0.025,0.5081744660613539,0.00533142652237212,0.018116327743782967,0.04881304396964817,0.010527789370389397,0.0,0.075,0.01833
L8,roved,10.0,-0.5,40.0,1.0,0.025,0.5081744660613539,0.00533142652237212,0.018116327743782967,0.04881304396964817,0.010527789370389397,0.0,0.175,0.053635
L8,roved,10.0,-0.25,40.0,4.0,0.1,0.5081744660613539,0.00533142652237212,0.018116327743782967,0.04881304396964817,0.010527789370389397,0.1,0.375,0.13100499999999998
L8,roved,10.0,0.0,40.0,,0.375,0.5081744660613539,0.00533142652237212,0.018116327743782967,0.04881304396964817,0.010527789370389397,0.35,0.65,
L8,roved,10.0,0.25,40.0,28.0,0.7,0.5081744660613539,0.00533142652237212,0.018116327743782967,0.04881304396964817,0.010527789370389397,0.625,0.9,0.0776825
L8,roved,10.0,0.5,40.0,37.0,0.925,0.5081744660613539,0.00533142652237212,0.018116327743782967,0.04881304396964817,0.010527789370389397,0.825,1.0,0.0355575
L8,roved,10.0,0.75,40.0,39.0,0.975,0.5081744660613539,0.00533142652237212,0.018116327743782967,0.04881304396964817,0.010527789370389397,0.925,1.0,0.0186325
L8,roved,10.0,1.0,40.0,40.0,1.0,0.5081744660613539,0.00533142652237212,0.018116327743782967,0.04881304396964817,0.010527789370389397,0.95,1.0,0.01151
L9,fixed,2.0,-1.0,40.0,6.0,0.15,0.871880946367902,0.15261202263001528,0.1983967116155149,0.10306827305722308,0.0020487808622176866,0.075,0.3,0.05083
L9,fixed,2.0,-0.75,40.0,6.0,0.15,0.871880946367902,0.15261202263001528,0.1983967116155149,0.10306827305722308,0.0020487808622176866,0.05,0.3,0.051039999999999995
L9,fixed,2.0,-0.5,40.0,5.0,0.125,0.871880946367902,0.15261202263001528,0.1983967116155149,0.10306827305722308,0.0020487808622176866,0.075,0.3,0.0621675
L9,fixed,2.0,-0.25,40.0,8.0,0.2,0.871880946367902,0.15261202263001528,0.1983967116155149,0.10306827305722308,0.0020487808622176866,0.075,0.325,0.05193
L9,fixed,2.0,0.0,40.0,,0.275,0.871880946367902,0.15261202263001528,0.1983967116155149,0.10306827305722308,0.0020487808622176866,0.125,0.5,
L9,fixed,2.0,0.25,40.0,27.0,0.675,0.871880946367902,0.15261202263001528,0.1983967116155149,0.10306827305722308,0.0020487808622176866,0.575,0.9,0.08859500000000001
L9,fixed,2.0,0.5,40.0,38.0,0.95,0.871880946367902,0.15261202263001528,0.1983967116155149,0.10306827305722308,0.0020487808622176866,0.875,1.0,0.0280225
L9,fixed,2.0,0.75,40.0,40.0,1.0,0.871880946367902,0.15261202263001528,0.1983967116155149,0.10306827305722308,0.0020487808622176866,0.9,1.0,0.02753
L9,fixed,2.0,1.0,40.0,40.0,1.0,0.871880946367902,0.15261202263001528,0.1983967116155149,0.10306827305722308,0.0020487808622176866,0.9,1.0,0.026717499999999998
L9,fixed,5.0,-1.0,40.0,9.0,0.225,0.871880946367902,0.15261202263001528,0.1983967116155149,0.10306827305722308,0.0020487808622176866,0.075,0.3,0.0664325
L9,fixed,5.0,-0.75,40.0,6.0,0.15,0.871880946367902,0.15261202263001528,0.1983967116155149,0.10306827305722308,0.0020487808622176866,0.075,0.3,0.0515125
L9,fixed,5.0,-0.5,40.0,11.0,0.275,0.871880946367902,0.15261202263001528,0.1983967116155149,0.10306827305722308,0.0020487808622176866,0.075,0.3,0.1046
L9,fixed,5.0,-0.25,40.0,6.0,0.15,0.871880946367902,0.15261202263001528,0.1983967116155149,0.10306827305722308,0.0020487808622176866,0.075,0.325,0.059524999999999995
L9,fixed,5.0,0.0,40.0,,0.275,0.871880946367902,0.15261202263001528,0.1983967116155149,0.10306827305722308,0.0020487808622176866,0.15,0.525,
L9,fixed,5.0,0.25,40.0,30.0,0.75,0.871880946367902,0.15261202263001528,0.1983967116155149,0.10306827305722308,0.0020487808622176866,0.575,0.875,0.063005
L9,fixed,5.0,0.5,40.0,39.0,0.975,0.871880946367902,0.15261202263001528,0.1983967116155149,0.10306827305722308,0.0020487808622176866,0.85,1.0,0.03441
L9,fixed,5.0,0.75,40.0,39.0,0.975,0.871880946367902,0.15261202263001528,0.1983967116155149,0.10306827305722308,0.0020487808622176866,0.9,1.0,0.019975
L9,fixed,5.0,1.0,40.0,39.0,0.975,0.871880946367902,0.15261202263001528,0.1983967116155149,0.10306827305722308,0.0020487808622176866,0.9,1.0,0.0194825
L9,fixed,10.0,-1.0,40.0,13.0,0.325,0.871880946367902,0.15261202263001528,0.1983967116155149,0.10306827305722308,0.0020487808622176866,0.075,0.3,0.15353250000000002
L9,fixed,10.0,-0.75,40.0,6.0,0.15,0.871880946367902,0.15261202263001528,0.1983967116155149,0.10306827305722308,0.0020487808622176866,0.05,0.3,0.051575
L9,fixed,10.0,-0.5,40.0,11.0,0.275,0.871880946367902,0.15261202263001528,0.1983967116155149,0.10306827305722308,0.0020487808622176866,0.075,0.3,0.1036875
L9,fixed,10.0,-0.25,40.0,11.0,0.275,0.871880946367902,0.15261202263001528,0.1983967116155149,0.10306827305722308,0.0020487808622176866,0.075,0.35,0.0843175
L9,fixed,10.0,0.0,40.0,,0.525,0.871880946367902,0.15261202263001528,0.1983967116155149,0.10306827305722308,0.0020487808622176866,0.175,0.55,
L9,fixed,10.0,0.25,40.0,35.0,0.875,0.871880946367902,0.15261202263001528,0.1983967116155149,0.10306827305722308,0.0020487808622176866,0.55,0.85,0.1643975
L9,fixed,10.0,0.5,40.0,37.0,0.925,0.871880946367902,0.15261202263001528,0.1983967116155149,0.10306827305722308,0.0020487808622176866,0.825,1.0,0.03485
L9,fixed,10.0,0.75,40.0,40.0,1.0,0.871880946367902,0.15261202263001528,0.1983967116155149,0.10306827305722308,0.0020487808622176866,0.9,1.0,0.0297025
L9,fixed,10.0,1.0,40.0,39.0,0.975,0.871880946367902,0.15261202263001528,0.1983967116155149,0.10306827305722308,0.0020487808622176866,0.9,1.0,0.019844999999999998
L9,roved,2.0,-1.0,40.0,5.0,0.125,0.8340120425810377,0.15482010269889568,0.2917195217296669,0.05191327046049689,0.050122041267909555,0.1,0.4,0.11882
L9,roved,2.0,-0.75,40.0,7.0,0.175,0.8340120425810377,0.15482010269889568,0.2917195217296669,0.05191327046049689,0.050122041267909555,0.1,0.4,0.08082500000000001
L9,roved,2.0,-0.5,40.0,10.0,0.25,0.8340120425810377,0.15482010269889568,0.2917195217296669,0.05191327046049689,0.050122041267909555,0.125,0.4,0.057625
L9,roved,2.0,-0.25,40.0,7.0,0.175,0.8340120425810377,0.15482010269889568,0.2917195217296669,0.05191327046049689,0.050122041267909555,0.175,0.475,0.148515
L9,roved,2.0,0.0,40.0,,0.225,0.8340120425810377,0.15482010269889568,0.2917195217296669,0.05191327046049689,0.050122041267909555,0.3,0.625,
L9,roved,2.0,0.25,40.0,20.0,0.5,0.8340120425810377,0.15482010269889568,0.2917195217296669,0.05191327046049689,0.050122041267909555,0.525,0.825,0.1734825
L9,roved,2.0,0.5,40.0,33.0,0.825,0.8340120425810377,0.15482010269889568,0.2917195217296669,0.05191327046049689,0.050122041267909555,0.725,0.95,0.0502725
L9,roved,2.0,0.75,40.0,36.0,0.9,0.8340120425810377,0.15482010269889568,0.2917195217296669,0.05191327046049689,0.050122041267909555,0.825,1.0,0.039455000000000004
L9,roved,2.0,1.0,40.0,39.0,0.975,0.8340120425810377,0.15482010269889568,0.2917195217296669,0.05191327046049689,0.050122041267909555,0.85,1.0,0.0383975
L9,roved,5.0,-1.0,40.0,14.0,0.35,0.8340120425810377,0.15482010269889568,0.2917195217296669,0.05191327046049689,0.050122041267909555,0.125,0.4,0.104195
L9,roved,5.0,-0.75,40.0,11.0,0.275,0.8340120425810377,0.15482010269889568,0.2917195217296669,0.05191327046049689,0.050122041267909555,0.125,0.425,0.057735
L9,roved,5.0,-0.5,40.0,14.0,0.35,0.8340120425810377,0.15482010269889568,0.2917195217296669,0.05191327046049689,0.050122041267909555,0.175,0.475,0.068045
L9,roved,5.0,-0.25,40.0,15.0,0.375,0.8340120425810377,0.15482010269889568,0.2917195217296669,0.05191327046049689,0.050122041267909555,0.25,0.55,0.0665875
L9,roved,5.0,0.0,40.0,,0.4,0.8340120425810377,0.15482010269889568,0.2917195217296669,0.05191327046049689,0.050122041267909555,0.35,0.675,
L9,roved,5.0,0.25,40.0,27.0,0.675,0.8340120425810377,0.15482010269889568,0.2917195217296669,0.05191327046049689,0.050122041267909555,0.5,0.8,0.06513250000000001
L9,roved,5.0,0.5,40.0,33.0,0.825,0.8340120425810377,0.15482010269889568,0.2917195217296669,0.05191327046049689,0.050122041267909555,0.625,0.9,0.0701125
L9,roved,5.0,0.75,40.0,36.0,0.9,0.8340120425810377,0.15482010269889568,0.2917195217296669,0.05191327046049689,0.050122041267909555,0.75,0.95,0.0545925
L9,roved,5.0,1.0,40.0,35.0,0.875,0.8340120425810377,0.15482010269889568,0.2917195217296669,0.05191327046049689,0.050122041267909555,0.8,1.0,0.0495975
L9,roved,10.0,-1.0,40.0,15.0,0.375,0.8340120425810377,0.15482010269889568,0.2917195217296669,0.05191327046049689,0.050122041267909555,0.15,0.425,0.101095
L9,roved,10.0,-0.75,40.0,10.0,0.25,0.8340120425810377,0.15482010269889568,0.2917195217296669,0.05191327046049689,0.050122041267909555,0.175,0.475,0.08047
L9,roved,10.0,-0.5,40.0,14.0,0.35,0.8340120425810377,0.15482010269889568,0.2917195217296669,0.05191327046049689,0.050122041267909555,0.225,0.525,0.0656075
L9,roved,10.0,-0.25,40.0,18.0,0.45,0.8340120425810377,0.15482010269889568,0.2917195217296669,0.05191327046049689,0.050122041267909555,0.275,0.6,0.06501
L9,roved,10.0,0.0,40.0,,0.525,0.8340120425810377,0.15482010269889568,0.2917195217296669,0.05191327046049689,0.050122041267909555,0.375,0.7,
L9,roved,10.0,0.25,40.0,22.0,0.55,0.8340120425810377,0.15482010269889568,0.2917195217296669,0.05191327046049689,0.050122041267909555,0.475,0.775,0.09381
L9,roved,10.0,0.5,40.0,32.0,0.8,0.8340120425810377,0.15482010269889568,0.2917195217296669,0.05191327046049689,0.050122041267909555,0.575,0.875,0.08357
L9,roved,10.0,0.75,40.0,32.0,0.8,0.8340120425810377,0.15482010269889568,0.2917195217296669,0.05191327046049689,0.050122041267909555,0.675,0.925,0.052515
L9,roved,10.0,1.0,40.0,32.0,0.8,0.8340120425810377,0.15482010269889568,0.2917195217296669,0.05191327046049689,0.050122041267909555,0.75,0.975,0.072175
